ul_inner_mm,ul_middle_mm,ul_outer_mm,uphi_inner_deg,uphi_middle_deg,uphi_outer_deg,tip_x_mm,tip_y_mm,tip_z_mm
315.97187347519724,109.35200880017356,61.91648388447707,71.05249046137101,-146.09615476044618,171.22404658923213,-110.0596352622055,-117.04697197829594,263.2930284189913
172.70864511731733,146.65772797121002,60.89117615922824,-17.86106235759583,-46.51271127627076,153.63539598549664,40.00020056536739,13.860432968212272,156.18447258162794
238.12563251864927,148.9988834683835,51.50920960645317,-98.19406015748031,19.65052332570053,-157.0257878024969,75.8773968089033,-119.7231371942822,157.03888089501967
297.20763988824706,131.7706298540468,66.21049375940656,-52.370651473247385,169.4512887821652,141.52360367599118,-30.28901444531997,-220.04611415393606,161.04370986874997
207.74194858538078,83.23897545403682,62.27067976590095,-164.23064431659765,-124.45578285568277,65.89762316728367,24.775054273457243,-12.592358892036694,205.10963689766712
226.2299334429112,166.41245625128127,59.58097247262537,-46.6345058274472,-10.959907940709149,-111.79031072965715,-62.5805871981792,-104.45072573882102,156.5356402492502
146.15084941291963,86.31921387638464,10.393720426837731,61.133038085703724,-22.625309205960935,119.76415058082148,-19.97952126679168,71.35775422193848,117.53372785612365
306.66002227982005,91.6243805559673,56.02120816017993,109.71516869884867,-40.5077835491372,-76.20188258511212,-140.49316207181795,-10.09260149719041,267.87278789325524
126.55606519587931,70.72712719296548,54.599640317998045,-177.34958288963801,103.29277590076983,59.34630837313157,68.18987784964258,16.932704358766614,99.45729193957256
239.12844382674848,145.09371894262713,56.41323029010681,24.746830543041746,-129.67308067404332,-138.76917352704956,-78.74600099014617,29.75621265607463,206.07146610458503
244.94714132847568,108.36802402962431,53.47223694323773,95.39958866976922,48.49859520021269,19.288584236878496,29.16898958776058,184.32172378349307,130.59119737864913
91.04460859587591,82.81040382260647,44.736572859633085,-22.781739876349548,-102.74951778496948,-32.929688259130984,-16.268644829785252,14.477663077676425,87.43477406821228
107.10838811731291,92.0703843628607,68.2722458614533,-78.70179887208126,-74.30624720399389,58.28994530168222,10.1709054445148,22.879262219809068,103.34870700610124
280.47689953658846,142.89274720459105,44.562572187302266,-33.70072988157461,113.04733847977248,-119.88974883322659,-158.54221303934744,-141.11955176711683,127.5766685959275
257.53497133372366,16.961488294609207,1.8169658507088382,-13.724197109500542,-121.94215954790336,0.3761190372108736,36.03604886632258,-16.97468863440315,254.33907472689614
223.76505299192257,122.07479034105961,12.184968217053473,-42.83235860526631,-71.45564790676444,46.901733522799844,-86.23064988652447,-117.47044157120479,140.50816075076816
77.73589021512333,41.3084674382042,28.945008844271236,166.28315923782523,147.08904865473855,71.89456817186984,21.60192744264807,-7.117573583802069,73.61833146911984
309.16086618497286,165.4155901784413,21.269596916761568,78.08046809723842,-18.22985922823608,-81.99303773574276,-62.446293038514774,-222.70102673389792,113.52885921646627
243.43744230416377,154.1934673091398,7.7112769722799435,-107.14918867371709,-69.8556153057651,28.51904481908255,-63.55034468393339,-167.77953990560263,98.10444576306391
301.13694934342226,147.65216365848184,14.141822635138537,79.00666414233724,-24.446505680962662,45.83118265287955,-229.9823506358285,11.782801818516337,123.0675620355876
145.6807799251901,126.83583337149709,46.72783751301884,-30.309335218580532,-165.0188974097187,-2.163305071973185,41.76300065661469,24.441137274751387,128.14683478411283
78.46036624212171,47.14417516178946,26.38889698662283,31.552045983976335,-118.586531326721,153.043242615647,-4.644282746910138,-8.136836462895587,77.60432527189894
243.3633491500012,89.32855283090065,46.4848911760316,-171.79060642930892,165.08131676692034,-6.370762700555916,82.17254734427227,57.55287400345603,215.54294467849033
207.03560967537433,71.50246334366096,62.61881818002289,-3.3454820323724688,157.61752379099383,25.822098855387136,69.4530290493492,31.417493821170915,190.43315206659477
164.9463495112626,73.15220306504511,37.8791520845563,7.442064889753604,-21.991874290183194,-172.21965124308105,27.48105429147239,-31.050611699297363,157.25285494802455
185.96937244749023,159.2114524642304,66.10335393554863,19.453011674057784,-140.91273319124033,62.00643349433221,5.039421356005764,-52.81861098300965,163.61676836573224
287.14444034034256,119.76439678846462,22.498702707120668,96.71309709035653,-141.21325945587722,149.76426424953885,-164.68077531779264,57.12811005905389,201.1408960780672
204.9211769660392,24.088222312189245,18.417119271590465,-46.46797780952205,118.72430752766873,110.97052994314866,49.43036535644058,-27.807240318798502,196.59103774362995
217.53486649690242,163.18789185776552,25.371111425817226,5.420566523417234,-87.85256739566302,156.9756852176268,20.859859416621504,117.65362042955452,139.20024807581575
163.70180028491376,20.212019579703146,13.168625406561453,177.25520306010134,141.00381585176902,89.49888700450171,27.85730467498654,-17.729214416248663,160.19259130842852
258.3325500383061,159.47928340743812,71.263399270282,-66.26554134091452,97.92447555995568,58.19805474039399,200.35528391098507,49.440677252082665,48.72698968699405
272.29684587879257,43.1280958289838,29.892618309896804,-85.51421426776872,157.25273419216052,-93.25059299795349,-81.15306263956947,-14.263130029616987,258.69555749430515
174.68559994241224,142.9477349956698,9.820634592918882,-115.46340906321392,35.77780494750367,134.8423347014872,98.0880340158914,68.55485882233627,92.76259690783924
286.2472167761195,63.59313149422607,15.71477325716586,169.85751338194825,0.26682703284323317,-128.19689908154973,-8.848737207285247,-130.79026526723428,250.0942856992203
80.77840304278753,39.900383915822516,1.1149030166561236,63.95712250062869,-136.1402983337288,2.27877538342788,24.513246618352824,-7.315804554250046,75.713882888076
167.59287997752756,122.05502381816518,55.54099485143092,109.48482942561456,77.5465666616886,86.03424140959503,119.1603625239603,26.296272947280112,85.25175823413156
326.83633322870276,30.22525512489729,10.484620124585062,-36.87185022302137,-71.6584709588617,-4.109743673448003,-7.237416466734545,-34.66912802266157,324.60948690289973
217.85641596052787,164.80921408059066,53.0291370210866,152.93103455232975,-171.05058310094773,19.871295237656888,101.83358538055711,-46.86388744549805,153.29212053230674
103.57805502130843,63.34966210254521,50.71800893448681,-29.11884504613062,167.84348837154542,34.575319164374214,26.643503037365623,5.569004597782928,98.97692445968286
244.19227680479298,151.34422035706112,74.6418577280169,102.51484173078748,-173.57875776828442,-140.70816116433542,-150.48535615168518,-64.11542059356589,148.61007817364398
195.7154863128008,148.94096269514168,66.3542891906189,11.077052615659255,38.16569545200393,132.386023359364,125.444983341495,27.529837164481194,115.44588469467016
192.5946141789248,98.47975005614958,48.24857258709805,-26.68244890553644,54.6951692087907,132.29662743083696,125.47104951951788,-1.5206138657498032,131.2583596175256
135.84179999725103,69.44498787753292,36.31175056610398,88.56514088764071,113.96475483260774,-142.09989125251502,-21.370270073355755,-59.00505320062949,116.44292341944087
139.28686592606886,103.2132453793864,5.324708556414253,116.87910856428289,-68.2795173873332,-128.20610413038864,75.7352222124293,-6.071261533627193,104.40931848572858
163.75687732312457,89.62204435205966,73.67763779899603,-124.6991777308589,-138.42357708047223,-172.38671411888157,-41.79710128929548,-87.59169717276875,125.1531717053666
50.25029914166848,33.34673593307258,4.431632733140809,32.811773799949634,65.0572296478223,-38.29303554046983,-5.961624459615015,10.239265235720767,48.42702936753221
318.5479885856487,98.37395992579998,25.439287756163953,126.40738565599415,-164.34897767539488,-114.66057254525133,-134.66565865815875,127.07001368103937,243.86861249730944
224.20488207327548,56.61217922019291,18.93958968835168,-30.145526746850784,-162.26851682606616,-45.49891015455423,12.50124031827761,73.21035981051861,209.19968497726478
300.8576799490007,54.924382675238334,41.90023589741098,-161.29372807256246,152.94307284650236,-144.31926903124483,-70.00712510481533,-127.97137949376514,260.4236158307304
346.1188498289649,160.02058401965118,67.48599612782021,108.72931689849368,100.61191467767841,51.29397935839716,280.0881856004471,74.97980115347673,30.028562500247784
223.25765169957373,76.80832940814307,62.319708366250325,5.120233268549206,128.72597188412072,-13.392228386334288,36.523188200229185,79.39348939889157,202.52518804036396
181.16170625792802,119.8297879707376,30.80715968802828,-129.68337205657554,-7.964181351451512,-29.919827305841395,-99.01896040411228,-3.0760454051931423,133.6443695919885
175.2794403725944,74.24482697611093,18.605595242309896,-62.10159681148364,-43.39293129830557,66.86760436414033,-63.078032222377985,8.93733791551399,158.38233243852935
334.3169666731995,162.52047781512917,23.750117965702824,-6.872245811971713,-61.78996619831203,12.756524338801132,-84.47978204583792,-217.07323526971823,164.05087169574716
307.851114032875,134.5239003832545,67.88483910188997,11.780019383666467,47.850346536343466,-76.26397889431378,-208.26805255890517,68.89309096537367,180.1479548865501
267.9924323064805,81.30057369553242,58.791452984823266,129.85886459732185,-132.44297857144417,41.176706595091126,40.37463289125126,-1.2213261244295188,263.86047098218387
144.43056839755477,125.45831901072707,7.6076598583947685,156.93833617222538,-130.53314518639124,165.19688852726892,-50.06984484740195,62.85944235565344,102.61027048952288
301.5162700953444,126.95903300580113,64.07073408680773,106.24134203391091,160.56974261423892,-88.7819926178926,-193.8401675452136,39.577458660886634,202.26853670245347
238.2572128179874,58.877535986140714,47.20607162866473,-118.33513052659605,23.38222013007907,26.074985052185895,35.39558554756067,128.3874575643957,193.43354194424833
292.5491332813731,106.64312224650241,37.27881223849819,107.72809794434399,-2.8248423928455146,35.85363894814042,-111.29709206216326,142.171585373232,212.3673095329497
116.85670683376229,85.93358840108277,74.49889885520815,-148.42475571212336,56.830782614590014,-29.30101171546339,-5.724406705051007,57.44945308763892,96.2259500814864
206.38237440148941,134.47514487284818,61.94571329134746,143.4119570501529,94.51157294543484,-82.60742127233675,-112.61599309084517,27.134464869167825,149.58410328204542
117.01967277293036,73.42883558778539,29.13536142176432,-126.797985884811,157.00588681526787,-22.35454660844883,18.49775445877369,33.30021341292873,107.4983859343212
252.70264526350766,132.33591657467335,30.66558582219279,157.0103952618464,100.90853780738118,-7.426956915165475,101.81870750877813,164.81101476145548,114.1050110268137
298.669017491274,168.12987021421748,30.108757878466097,162.4300776013828,-137.3477122018651,126.19212450868173,-194.2582892436747,33.810680029018,154.301401372735
232.85065009996202,65.4787466634916,50.9659107192966,66.99469143796158,-175.57103308010298,-16.44553373697124,-4.212500904512008,55.15810257212241,225.2358325178488
212.87181117238345,96.73985959248628,66.0319608957057,-20.76691425555845,-71.30613908070303,150.63908238559952,14.757294545648861,-28.245116769126028,209.05094939214194
349.18272616082396,74.39138743193125,62.50352283452128,136.51200875078828,-77.79296236894598,121.28276867793777,42.533994981420875,-36.8912305579882,344.32346887082855
289.77491924223517,169.85542611372696,8.51356254971063,54.04500560116691,-147.44133828571222,142.93202360278508,-214.50402141450414,62.852317275130964,72.33292210434458
86.65235213481941,42.70201860008131,2.319960256357554,99.63645864919867,-108.64647820335676,147.8297617671187,-10.394100345883176,25.07006024376001,81.19628091604723
58.34288222161278,56.75058654823097,52.50152314619921,-161.4031498748164,38.13306395318197,108.5334519093895,17.84815719882613,1.3203067622404003,54.51899923148669
158.875854475376,147.27341891950184,19.08422565019108,108.34698731100343,154.00635486202094,97.95902367757701,18.249148642986533,-98.80408584314608,96.51039370552665
159.47520396566972,151.50538731320322,55.84966271829098,-107.35844014114005,-135.0274754499685,1.6311564694751501,33.50740505081252,18.771192689257603,144.3899961905851
317.12362475193794,129.15887606150417,59.61505026630756,-124.12332272120729,84.46359309665816,-110.50506328719453,-165.70000162622682,-135.18593041305903,203.86871922267775
345.5850230127401,126.96746589200353,21.66070010542402,40.15569815174505,-160.37988660313357,41.871229173911814,54.2972534771851,-248.32682986962212,190.71229966132347
292.11816528646415,150.69729037448238,3.388044126413368,-117.67397528789886,-146.9804379032887,-113.92803760308516,-10.69300079497729,235.82187286848384,80.64716024105834
300.4261370488551,120.40533213562648,78.4021743643354,49.10700315879967,26.068733985109446,-127.75310832058211,-103.9139863544436,-114.66494849258363,245.21241999725493
246.23612293190516,104.10400387147013,75.68195628464761,71.9193400520638,53.723935888311196,158.61398749038665,138.51438960101564,-74.38812979418526,175.35490469533192
196.39483180617964,92.25833536813202,11.87511919360464,-9.299257386257477,-137.08169056881195,-131.7259404458045,-17.44230185049754,101.57875992439014,155.46611668224028
188.24956205480902,67.2673543824135,22.24604366250059,39.95551693318618,48.46648227057468,-31.748077229194717,-57.14171403276293,81.59821254942132,154.55785934930074
231.6719984000031,62.58246902529368,32.70264875429577,-65.86527192579436,-167.01845966014906,-29.375984103530264,8.30555414039167,65.3765934950232,220.12907895609553
229.31536024407725,67.72452559529535,37.93061400721363,23.677884155491537,72.7207851997337,53.261453592435615,115.48931899983796,87.42241579341645,170.53441261902393
294.61469277254804,89.44636508458858,52.19464452168253,17.691978095884597,-24.68944973523956,45.36449313878056,-36.82687538885275,127.29339492679675,257.96080653786663
284.4988009396367,101.2244048009364,28.852586756020344,139.10503922053476,151.580591026269,1.3078530659157162,175.66225342482622,34.58474322595337,203.57642947022296
208.9878308770008,144.30776543007843,41.62200917924553,121.45765044422468,-2.109007253727566,-138.2915792393034,9.9673220411903,-116.18139634365434,144.6336984148282
155.4939410876461,144.0497126322472,5.764731765835496,-78.97988299188387,-59.7131854194435,-117.72199973102624,86.66383965349415,-37.28884417947703,98.93531483926479
135.90940553041025,132.71910412772561,25.11146958415914,117.78243282744712,128.35728848684093,-45.985833651042654,-8.37670466202974,68.76721054286901,103.09965098674392
136.1228226450918,107.04815432053707,12.289031924850786,-48.629030011829094,165.03450512435006,178.36721013010938,-65.60401621072681,-41.00741168412642,99.20144095098946
270.4870974418774,95.42425576827061,61.76839130836685,73.94629157424458,-40.376989741086085,50.71990845101738,-15.100995252156688,102.79735222603011,246.0696993733646
200.98154180913227,36.21859785316067,0.8582115980540994,-121.0495304670135,-120.2735275644479,121.06954459808566,-60.57461229918152,36.32765255396155,187.21818727411207
314.5392125324557,129.65122619983939,79.13064021468844,176.5157991574581,-129.02548011524112,-18.63157922843361,-9.783048937125379,104.67034875435503,289.2082214780983
274.7640727407837,42.50018231263041,31.405817267353594,-23.839550163866523,-11.04230369145554,-125.75772942723351,-54.453959067766945,-34.584431426197455,266.6213510704696
164.23412688518047,155.55221021836851,14.47413217846945,-96.17317742026574,-74.8586410867698,-3.52888473542889,11.898942627015767,-83.51407401913522,115.71746077173874
128.018780885353,107.63190771706029,46.91561384118367,-92.27971653994312,123.69181851451482,49.531932172245256,72.53429644443669,3.1242212419464375,94.51809640241004
298.09035043253573,131.0615328918138,51.93192401074195,-159.08094658027895,-48.02098142425954,14.229876694204325,-110.33400248739439,-1.9911709721487787,260.1872017244463
245.36186944864215,147.77237914887422,27.076518663786082,96.7059322053765,126.72558607722085,1.7249338452593044,166.2178896219762,76.63574912510585,104.46196071907877
317.0384345245664,129.8536575973147,72.764179509708,-57.38731358705127,-0.4258949286653202,11.307974761647973,-105.35109337323169,210.01174085138442,181.8943353958473
327.0864251611814,72.80510909709199,8.398377271685646,47.09960653130726,-116.0976303226917,-58.01197118054221,163.53220217353945,48.96731514559869,271.5423118590574
326.00157506732353,19.16767823782449,15.328240773015986,-18.645361827526266,-69.28737392851698,35.45178896078517,-1.7302135439643154,29.738783778937236,324.61880487741774
260.2229269116539,47.68622818180169,0.5851565034412509,48.15711830493466,173.45014111531276,43.328775476895856,48.28205422920076,-111.15402760510902,228.01414445408628
329.55934787766836,138.5569239281572,38.20046989021862,79.45054081860657,166.75604047777665,101.5218614657438,-15.452311160070353,-249.97730032915712,160.16095503979528
277.9735716989859,80.829361321091,69.34411506095411,-21.5680681701473,19.117368868059074,55.476867413648435,112.93572768439769,155.96811511726975,189.01891813118075
220.86665756254305,168.57478662387317,77.58520933644556,84.15125907764981,89.9940736566967,-55.26256992730243,-66.95816476252675,122.41950185459616,130.6739973383828
275.73609505875834,16.464797977552735,9.909581989137681,-3.7080929459138763,174.79446101817342,-12.609555770284905,13.743579813861679,19.19940445047062,274.6868848707733
301.72209896717027,116.00230584090514,78.23335832590722,-149.46506196774047,19.966215649595007,108.74152331486073,178.5007970720526,106.374491299355,198.95525167393708
160.248316086952,152.96374235688822,73.9761333775911,-45.827157129575696,-162.46854996701353,-140.6583751987591,-76.62815096806042,-52.528393791460225,115.65812573212877
301.74479553220385,136.74496169338684,54.02445029339873,131.56435730003864,86.19532865154355,108.31377315838753,253.02553657101555,-37.17388778185192,71.03324631498727
233.87322700317125,42.86937547691775,3.9170967858623396,128.92510966493634,-178.3799550217227,5.266563161885931,89.56877774157915,-13.286396304235664,214.08733024823255
174.96356049087572,57.61201959252416,54.18299194915178,142.42855729813087,61.780611188109134,-94.44298919018497,-41.81813966492217,10.209908517965667,168.87272677786132
313.87061821603123,103.644261917965,68.22249037055302,-72.380285597194,32.51529031793363,-37.101575610779726,-128.58443794696902,187.68499046791877,196.2713788718092
190.12569258666724,153.20893146792932,21.98600406040536,-149.4678271551253,-56.90630212356227,78.35009315096431,-105.57517232073491,-6.4863060767018315,124.92818983478892
223.25196942638252,169.8675443293588,64.59452847810255,-33.14089759273841,-130.74433990933454,26.953894664292086,64.35216322668654,-42.95490204462994,184.38583122888488
266.21771327280777,143.02138236610233,79.80640298103337,-38.74712654815416,149.50755370279973,-1.110025393074201,131.04508409881666,80.49798311486644,193.5908229321194
87.8142349500752,68.9361097056066,10.74935306504492,-107.28754643203864,-173.63923884003162,-16.819230059941173,23.48354562833774,18.748367339677795,79.70968325053889
200.28247197583752,91.69630859784873,50.763221196143775,165.3153382240473,90.70672376696957,14.708389300182441,83.44564804846424,103.80311460775613,135.74848756964164
200.71707518563778,154.83414547272528,22.76327000894602,-62.87661701399626,147.26333319226146,10.635139902626051,135.58411512128177,-5.081938158888343,102.5413000436999
271.9303940282701,124.73041382263904,59.38543595343813,-72.22201505466279,-93.10605781440135,-63.902755019280505,-42.147111344430115,19.29265746607259,260.3575098138786
206.79014536300767,150.1963838307984,12.435325126673797,22.13618198917846,105.11079305089466,102.17667937525688,140.04275106474083,-71.39490894179258,76.48415521635984
348.6718973152627,99.33187037570183,35.070900686735435,62.85509171244866,113.26983952243778,144.9194289189235,140.13333251863398,-241.5524698295825,180.32136026029477
233.0207967553043,82.82004594325069,63.007186898347136,-143.31810336676386,55.051965563039424,163.92579414761195,104.0861173256066,-71.62726275164333,189.20020710333785
105.93707001989878,96.86397852726887,41.01856514400891,165.51882803851933,-142.91903371314282,-165.2115264102551,-27.492299634950818,-19.584873392847566,97.41755916583995
175.38461973244532,29.535514540540518,19.68532892039508,5.791608452560464,-67.47481834970978,-161.65422627304102,-6.284757683813466,-14.996933710685871,174.5655272538365
87.75676415006696,70.86090730405664,8.928029459938136,71.34830121956882,-105.47260505106769,-71.25423523789014,23.221466326383457,5.599967353234602,81.67262405396029
89.65105487802118,89.21797216294213,31.530062174247803,-139.65466644046887,130.5952429467161,-179.55609749571306,-0.9772565919382326,-40.64117008761254,75.7860512022706
185.92036571407584,103.9688143463062,40.653388465030005,-24.722272747278133,101.00920950957034,122.8333342373843,115.17971464579621,-71.02495304860254,105.32295954975268
137.0880378996,68.93446511203086,20.82788347322,-7.249175801616553,65.97300875717266,-97.8289648331686,-57.024055076956664,-12.121509572991876,120.0135793349442
169.23513772884303,160.00732860296245,26.458859364389333,-14.122942113756158,76.16089497484002,-125.83655583930933,-39.163255057813025,-96.96905606202589,102.23003650159276
323.76049408973284,26.76104725571927,3.7899216004385483,-176.66647854439557,-112.20408906791334,-168.73793535540796,3.5032324299397644,67.21959956507759,316.3296764241832
167.07359268539963,108.78719330068513,8.850357404976263,24.916338155043647,32.47033779580541,125.79671991232044,76.41755278084975,77.73200218194829,107.85009560995431
271.9683280072816,145.1284267286934,0.37931143294991365,-121.41234500221526,98.25745972870224,127.97695504461086,178.54555139449135,-131.06021107911997,76.66072212632083
245.17222215371348,157.84674988117865,20.341078700332584,37.23280355999574,174.4738321023517,-49.847011689888234,4.071199097172823,176.3441961034404,105.38322464154062
299.49574761199864,98.46786022739987,65.05274766560903,36.264210790551296,-102.11194971885547,-30.950606235874904,-73.66410586525413,75.74011133717477,277.8888226758034
46.051576760258236,36.70447685393081,25.410850749084936,-55.26768405341487,-173.14770678570483,-120.42440727056099,-7.9079388628311085,-5.837044386433284,44.71189221347312
294.39879295736097,137.31049943360588,58.014665668069505,-65.82485839320765,140.40700456237036,33.77899729024113,215.56796576060754,-27.867658892904146,154.77259048135178
252.73128900042818,33.0652928156539,10.082107339730122,-117.7401828808519,2.6253725695355934,177.03881133433586,61.12844178294815,-3.8348683932047933,244.63103512170758
347.6012756213715,3.133859077846838,0.32060837866715985,30.46998028829958,-134.31240881333528,143.02879191147372,-8.95598383811828,5.113566884997328,347.44762127638137
264.45679718198903,123.81967178926236,70.43042401021538,-81.65261105968453,-161.81290930607815,34.04433920071117,85.99011476327252,-46.60084536077697,235.7788275256753
312.45880287396784,120.74753340273752,23.58041545622104,-173.46220419082894,34.45695888686186,-96.73900571273319,-209.8310596043526,-107.2342011506127,166.23019081701256
250.86318655632783,95.30008637894893,69.91107983230411,19.274702432260128,-37.38005997867039,63.94347489592586,25.01541792411226,102.67817472490296,224.12624776437846
294.80520587759736,121.52369705230448,58.061570777234714,174.03014735745754,-29.061940355710156,5.249898678791118,-129.0663707681966,81.84955014252478,237.71237702008943
247.10294341930143,135.52833449326855,0.997590235297059,-33.13388507019653,-146.1340932878175,140.27631180314302,-186.82235616319977,57.32032675276984,93.91497356344746
159.51890999386566,126.06947704192429,31.600579203244514,166.1578666347717,-115.76096574414086,-108.16488255618346,6.012687871906566,37.40766487868302,143.24492904057863
201.21109170768565,161.14626046405382,68.7186288446171,-10.871680257061955,84.05816564261875,136.2116641718886,135.30238788584077,-66.09352451589413,70.07728267052045
286.0849667919221,102.53931797722092,30.324215602984417,83.20895159500634,101.86564680939055,25.176174710949493,184.78133276463694,115.65347901931734,159.26170447619575
323.71662552305,154.47912692691781,8.369207744382017,107.3150768945999,-144.04950822213738,-106.41694785068549,24.779732509549692,258.3399458828124,95.28192958173453
344.0176353547535,62.045286665162166,59.488029208612154,-44.227915071954946,78.9525121286965,139.5255918556956,178.21042511662242,-100.92645570627643,270.8945161698773
242.6963846955037,75.74777665145831,31.57039105200658,29.156174549298253,-32.709608055073026,36.638912112375046,-68.68978169313472,41.63052976012637,225.0692642626146
164.7170126557751,119.33559449521594,74.83050956531959,-44.205846162118604,-38.121486266477305,-132.80087051056086,-53.756286741274984,-41.20252658536576,144.96215045332843
198.4006465135395,120.48562035198026,13.029720044364392,163.76342106809074,-92.30517167090133,-144.38717816226398,85.73904902207552,72.08465124230986,140.76377703675385
210.63784819701385,156.94731904303075,60.280365040020634,-107.24828340762792,-113.12419144640862,7.924428491944439,43.39759921218162,-6.0040203327690715,188.83738544666255
84.42065914550695,71.8560290037916,37.47333129974167,-6.663117482538943,165.359645148819,54.90691227095876,22.981123522925696,-9.149615157887823,79.01909863044504
128.77368469699667,54.0702852394446,39.640524530289476,-73.88137815316462,95.32927893860435,135.61588701526296,52.25280573365411,-34.453513118371845,109.59788377303026
346.7993722507104,168.48975049542017,72.13134828531507,163.07968779647334,-154.14402941896162,-130.39432706599013,-207.56084230937256,46.369240108602725,230.39012474432408
128.65384284965748,104.8829044362675,24.35732211808263,124.48690480877129,42.03222446783126,15.251184828793782,-10.120678197109708,74.04055095746354,93.21351640599109
100.55310119016751,52.92905670756822,13.224905869383294,126.6959368061275,30.322029622038546,84.64659390706801,16.08079617664057,34.68046930808758,91.06545151394144
188.12253742770795,78.00333885619803,23.68262903280206,93.60538982785255,98.0470755628445,-105.54713009494859,-84.31449493244924,-48.472844042693914,154.0234981639721
322.6537622458026,86.74638082638836,75.32310853904792,-143.85756756606867,-84.76566798552801,124.7322729844645,43.906141928680455,-67.63378991510892,311.71987187859713
200.76186942036327,78.727340906645,14.359365787686997,-91.70676971164453,75.68827248095516,126.48047378479338,127.49454798853729,-18.585867572398808,144.28019497827123
234.5468604270302,103.90975891856947,69.96601118844573,-90.57369460836546,-91.87325944194765,-121.94853737330732,-105.18165422560897,-40.29921344509361,202.0962850533666
307.5604544135557,159.38151130563446,75.20152086460118,6.358147663582447,-3.381150415726122,10.708439825699267,-141.21545084524078,173.72016418258158,159.94378631118633
131.33015676131166,98.14735339436074,42.92544108616715,-134.76101296732705,162.809897704446,-6.4689265489138,36.83046658360963,26.5491034838219,117.74801892062112
234.85710226296922,91.59072051673242,76.25644199241512,-105.22178879344588,-88.85354179442344,-169.18035164597563,-69.92943530776762,-98.31876948599077,197.61017163343365
218.82215031205595,156.65552187342945,9.516264859216905,38.926516289252966,-12.594912483861721,-35.83755171169981,-125.56431963286241,-94.08270233104774,93.66936243668955
346.768228865435,66.41432466035616,42.55088730768545,114.59083273339066,86.9812677833455,-11.246653074977111,53.14136257981068,184.2202111954943,283.71950174561886
223.2061209175891,157.4834659283865,12.230169770106878,-161.96159170910383,-56.73467634817368,106.00453097851837,-129.8443560251456,87.13563483330395,101.44192772436655
306.674772159064,140.05495878206727,49.816699599056655,-103.69634001100468,152.56199379354487,-22.32374294866587,121.22800522604192,165.41705151120678,188.92608956027658
348.0198041572087,51.3955563052013,51.12109194113317,-78.87730105290416,-157.65728164554412,-15.025665046854977,-62.661022757757884,69.57399330606367,334.5102688018508
234.0387551354279,34.64556737159246,10.32240457456334,-38.54613903471602,151.86688205579824,-65.10366194109477,-42.56152681057872,49.302268783213265,224.10084593910364
268.2842621047028,109.69401392603561,58.09441027071209,35.890328417756535,-9.79776980676065,162.02199406479735,106.32803483362285,13.436475314848543,236.78000421280092
254.29345143376224,52.687844692081704,27.417091420396467,124.56272207084714,-165.50865362162745,-18.132232167835,28.975557600512108,54.94449754377888,245.36381306898002
348.32313909711525,145.3121492439476,71.3990151749861,11.308972175007757,57.59845876841445,-71.10709879034587,-233.90930028108454,122.65360111628745,174.68958319502497
287.3237916260924,110.3106076816224,75.8028479732794,-34.86952651713051,22.254814822679755,79.12171260775663,141.6806587338629,158.8439960680706,169.95929820253897
238.49860695023668,157.98763088664938,40.71473214010834,52.94584733159706,-56.74952401198052,-33.063599436835304,-31.587082025669982,-85.43273612804347,189.67957592355899
79.48106089590638,52.16229040978375,35.204008658684195,60.29637233283285,55.98638580349882,58.6474971156343,25.314855598935203,20.526670125964362,70.61590722549685
114.61968499995905,56.57790525621789,1.581315627415334,100.13451211584444,129.82694450260684,-91.19506419858696,-50.78325971384268,8.404910631429278,99.66598962050092
145.96125078311854,68.50802213767948,53.42793270783891,-130.084381355969,-77.93252402427748,62.90515704574004,10.75036429425429,20.760957704174174,143.76768443864725
232.08811474786793,92.50603433401969,72.8261528148202,72.50079644763562,163.05208865480367,39.62177383938259,109.58775531491072,5.537284754754155,199.33643531782187
189.61874712270188,113.97473611476147,20.408554482190457,171.40622064901478,-36.11659134109073,66.75397947396512,-97.55489642335013,20.896723622442625,143.52128358438486
314.9208828164454,69.12525561594042,1.8582065877406784,39.6818799959685,-20.180560897448515,156.93749979686132,135.796535667508,139.2336481895281,240.21699547526276
236.62991851702205,101.08204254611455,68.31875009177833,-3.6632678067134217,47.59290004135045,-59.71994389484798,-102.02520891624376,102.53378974235113,174.92643298823697
335.29714290622564,156.86028995650557,19.53640006127106,123.59623887431243,172.15359507524207,88.19694928068786,-56.52983744839812,-262.8510958136378,99.19031980986419
243.09008314578764,144.16348174661584,61.17337828495997,-15.677209974862203,-93.51854058635887,52.13490996934457,-17.951377225147912,-53.819938598405905,220.50500161744057
230.34528300674506,61.00590740291408,23.145610888186763,-32.406340238984455,-101.21162083393241,113.7801660310192,-44.00134366283418,29.208830214223195,222.00658112583264
87.79242837917862,85.80913891958775,68.84559354355008,-58.99321132942546,107.10390084507091,122.1025918443568,39.34476530185946,-20.755065424458365,70.45931856289198
159.1109279192373,134.13437559695265,11.066325609283938,-39.577467543649476,179.49942540428972,-110.66730363687248,-75.55975158867992,63.178064843497665,100.91122639875714
246.92464615701417,78.98547482605171,12.317086606210115,155.84428166877117,173.09561239189233,-154.92937082709793,-145.83645826014532,-9.710635282537465,189.63495216688682
194.4518522735673,136.73566676852258,11.039801387832426,138.54566142228984,58.84317260247124,-139.7358711429562,17.374891482253158,-136.0575024184282,99.84166084756319
197.13241271830492,84.83717932010067,66.60234279392057,18.786574281358796,0.27581366890018,67.01864962145414,61.234903872981874,94.76250664921525,155.0483989100467
349.8954017968702,169.06266713400944,52.21493878954042,5.925384948830739,-145.72832869408896,82.02358762873861,-146.42587275959028,-157.28148746943594,217.50279569631405
219.27676299102083,107.37677631860349,78.13312625732715,-27.080307066435864,-161.48910435950543,62.01519524044013,68.96449194850285,-40.70467038682385,200.11769204596536
314.72450289488506,139.87662065987442,28.267015605477425,115.64308317522435,-30.000240705643154,-64.24355439327618,-75.47992673496469,-191.72411493067312,194.17666678746096
247.3022271952582,148.1341012732635,59.905662373364386,141.4911670330691,-128.19286941171902,136.46476067722563,-74.06861048778171,-21.036957429741975,216.53732566170237
202.04394894954146,32.60671172231744,7.687618637750502,-155.6933471325306,-160.98944349596027,-179.813252100346,-48.18421542239724,3.1608203583142904,195.62979460712216
146.88451843762633,139.5528882428336,34.905332775541055,54.81273832770794,116.32583426982714,-119.51969451196639,-63.332700551809936,-54.89213909157362,102.39688481909481
314.2661530123063,147.97162862729843,11.74909878571234,14.019035855107278,114.91195654583291,-146.60781212718186,-125.76902498399531,-228.2418777461563,77.43090993541595
189.38708600961976,133.7003059840361,31.55852143510035,90.838409196079,1.5042975806929881,90.09575566136391,-12.216996216215962,110.4147070013024,127.95471218581464
143.89835400246488,86.04149641986224,37.174371028586364,-104.98343708339459,90.53669180570256,-137.19227470777423,-16.0614278974226,-68.16005184770158,118.9437477588983
90.75820552969516,35.6354843931282,6.87858800887561,116.3187442104839,-36.53761554928354,176.53984464977367,20.53831929523878,2.5150256297900655,87.7539991138031
220.39896937772488,114.90482927119375,10.97690062324899,-38.549456389053375,135.03031165946962,171.21443249822386,-56.727195983316285,-154.20240090621166,116.09344860794823
146.6997277981827,89.09172249997302,69.8287167019343,56.186596474222796,-75.92991061025099,84.50104708100875,18.976080582273358,12.22609911316946,144.4580205146842
309.53783799167576,114.00445445333415,45.313652064771574,75.79179782736401,-170.43200460097498,-162.19471062743435,-182.08245522681403,-56.38595952725306,224.53202256587247
170.50562587726742,107.37949284365095,48.12467619648125,-29.28380856667141,92.8477147438298,117.5801344768548,114.41044001755836,-43.117771420059114,96.47964069626083
162.6481225646198,93.10839779148567,44.897845431203535,7.890649476931246,-66.69013731682284,23.07424933700025,-20.32440133408505,11.581745020980865,157.87711647238407
62.096299558501485,61.7886440168309,54.13219060077101,-103.58023001733254,142.02413917876117,52.6646747622813,17.8610052389254,3.002143619341921,58.4316565100752
245.50419529031933,152.85449332961397,13.756828154961829,-8.606967595682162,156.79509978335582,-158.58479081399759,-175.86836584167617,-66.06214710473343,86.85870608274578
154.27133384849455,106.71176620069858,17.214261970297482,64.62972331522481,-102.92677583878073,-144.30349058442684,30.37342003971869,50.30228979950285,131.33385097229694
128.7302107850875,81.42362487196422,16.55881277126718,-131.51087102759496,129.70147903881872,-64.65700670496918,-41.83354911688897,44.05617002564359,107.20502691891372
148.63917598217242,36.66152210986987,28.86069492146029,-84.66941616423132,39.77462424304387,-106.05949283793359,-28.85125946080485,-2.7932955794317897,145.47557355708452
181.70609334595946,163.04186509010356,71.06923624502724,-141.3349357361122,-138.48248228004434,43.04493227171233,30.47718228370605,-33.22601668092168,163.3064737878787
299.95625779577205,146.34537611063092,9.757517136769831,115.13118896568866,9.381789678967523,178.80379614689522,240.72554863797785,6.359519774382063,97.75487278700452
160.92602970211234,70.33097845910763,3.5340082355329017,161.51237953655075,27.66994505913344,110.22874756010108,37.771556903747424,80.54951111918037,128.09177072554309
258.08005476271734,166.6589632975974,13.627295492681508,-2.2780525425675124,169.51850227646563,-42.93634996182779,31.265514711867407,191.5038123886062,81.35698882642318
143.01159604434693,112.61365483794818,31.802001964399437,-64.40917449173223,-110.445003919753,-142.81794752146214,-6.1546943843718545,22.13745603151275,133.70753723069413
208.037210995286,128.64218587742582,69.29156850648161,-32.87902414798339,-24.653158672552333,47.93370557209538,-21.7150660222559,101.7831175441602,168.26207769400847
236.547548855114,163.55635862057957,74.14155131911947,-61.46551454480295,-17.62325993330818,24.45632295425732,-78.92560737813683,117.48965312836967,158.65721396420795
249.55957150513632,124.5955826742631,36.945432915979865,-64.5424031901326,-55.536909925452264,-43.70659647849687,-31.272519313624827,-82.77815048776363,216.23289789382176
262.6547367133849,34.54453864660318,7.571181459951095,-39.925183852051184,-102.76596987834829,22.562067806948622,24.079295752478888,-55.21267792780789,254.98836734986224
304.7307636583574,88.64554308707925,60.44316339787418,153.90174946501784,35.062030466582655,60.82115723696865,132.58563461956652,178.3255847758054,192.7342426419708
235.1598882258362,160.96752912831857,4.20607922584443,152.60414419635475,28.43190891008732,-178.33723241640206,178.14241807680278,-23.909679570565203,72.06880723658992
247.95145902986144,116.65658081793893,3.0833599458748577,-170.44832260581325,87.64558604005873,126.77232134490542,181.11799769858624,-71.28869371112467,115.9045449347974
101.7614659792837,100.39535257831601,39.71339859514466,103.19389649769573,-60.94221597140204,136.35490312171424,7.231400482287592,8.290135646291533,98.89490711256383
174.18405856992436,109.04342802338675,29.844847004644244,-122.18820746942927,98.96684521727808,-1.2274276153386232,64.30935334083576,94.28408791188328,112.74403169493557
343.28431885955365,165.6050259568178,42.91903390018006,128.03116381286526,-112.46065460458792,33.93816994856877,68.01216260820678,-201.1371733361763,209.837216776186
132.11164017861626,107.60389985524165,70.251793972443,111.94664480637186,-6.56512150961821,23.18136492930428,-0.5925953311206782,75.42697400533086,99.94707506779909
225.8461188948096,134.08794743991965,78.57154370542756,-46.80562757500879,-29.65705464454357,-137.37633005567923,-52.3348480716019,-81.39950711995462,194.0240935620393
208.8329048760772,152.72983529800555,63.58004467340575,-70.63321737242012,134.76033228053277,-171.37067200993604,-40.312683382447524,-148.0250180315269,91.01024387441217
272.8897784356877,101.15558882122727,41.63659550137822,-121.17898794619637,60.59906668625535,-44.37575716504448,-105.69415527906453,155.56485233808726,178.604934683656
190.8482042782787,54.32874392081174,49.49718225357137,8.010321833653965,-102.84249497220482,-129.73548449551654,-79.98732392595285,-45.56015081769113,164.83381472444694
95.65540444864764,68.39298752568196,15.077944240984113,161.03512646265762,-34.202137861505776,111.22905690242963,-13.128704266424212,24.767425029957867,88.7527203042966
257.8264397319368,85.38478030728089,77.95336984870774,133.70727122683704,48.32439622802218,-25.55059631133143,-16.82867071528702,170.52956628024992,181.2285325497943
205.42414520281847,39.350906350421134,34.486108611035064,177.67547884326507,165.13470934989627,-165.45627761682124,-15.696124037266488,-80.62925406085495,187.10816071514176
324.84751357703476,90.72500853160963,56.46376029035905,-163.7586915446597,156.914676723989,121.49126776359968,92.07058987269463,-207.74619588723561,218.04647373456197
295.2895787651722,19.008118180137743,9.400350580208121,-123.92723844915142,12.563335071313384,149.66814883633543,35.45607194329965,13.85013128266723,292.74238010695444
208.41958157727208,94.89276732954806,45.39584908394587,-157.27781854660643,168.7508356901756,-68.16449337081019,-77.5302924540833,61.75562303952567,175.11429953569058
339.64840972730593,59.443767377887816,15.149079333828306,-146.05702074431747,132.22909458042528,74.82380198452121,152.22738098707796,-107.85054835348764,279.3260253454223
321.19370166623736,167.50302216330653,66.40153433272225,159.61764646002703,-134.30330755526887,106.48388346010923,-123.31923517307533,-64.82420380281492,254.82512069587997
325.9759349576805,112.32251980404452,43.654055526483816,169.84937471281606,73.74179629554514,-6.142179790157791,34.587952604412884,257.4368411672265,160.25815868831722
182.7926594245485,88.08413783656205,36.51230863214763,-39.0575369936047,-147.6888353095697,-152.12300930624224,-66.63532506850059,-2.478908595776956,164.93535824546905
333.3914264395383,110.391675517634,62.38958750978494,40.399563093822884,-167.3366464136089,-123.2915971257074,-203.7216186278305,-37.66722179853654,247.1819402923827
206.45615632505772,166.2746446612657,16.465583441040607,5.6720434636984685,157.0236953904706,171.78938276916864,-108.59662322551445,-99.5633811366285,84.37686269221129
76.0463701876378,26.33007685524852,18.908834830683567,-157.20174766707908,-109.7552732067589,24.685097293344747,1.2026786784142622,3.878530472616912,75.91190418879776
265.88816906380697,125.10833602975401,72.99590370365135,-107.32778942056521,108.21010344258605,42.40400706200996,200.91103102751353,67.58979072037933,113.89016529834467
229.25721152961154,164.83985261525314,69.13094633541799,-147.39153892724184,-98.66557514995831,-22.377036356698603,-2.8734335823121655,24.534582898703814,212.09711703997993
295.29432741796535,111.34694615412782,75.65549214595787,14.5716091814718,-114.18884264484844,-64.53571717675742,-139.7675973867813,55.76171498605943,249.01065464442385
226.48383424207748,131.48023772079912,52.25535080182549,-97.68758304163873,79.88644062456349,-119.20570501942268,-81.84924862140761,-115.8128082400153,149.78456491313997
120.39796952090707,92.79689678729508,74.93357534921013,-0.8468271484636292,7.037855319489852,2.949449320168127,-1.9353275508042678,71.65585956660136,87.97160506211635
257.1707347160342,169.29966519943721,34.93339914710716,-7.939230933660845,-28.164217422757936,-155.94272830747335,131.41398825668,-92.5824643016453,142.34363609686216
250.47910967379633,75.37705159165898,47.43653049196928,-161.6999536985482,173.2993564510806,-11.158171555438013,42.953122700401764,64.45383832190394,235.56486761893788
132.43732907223043,118.46886624752607,71.74042972725587,115.9968765937705,53.34614268016836,101.43253712662026,80.94629808833348,17.720965516788592,88.28048699963789
317.0550505431492,120.85121250572901,34.253589080709865,47.183559433879495,-54.83749145907481,58.51065397183194,-153.28232867769023,-38.70940395439478,253.1992276824583
233.88184430731616,165.41816877220043,53.74833508912539,-26.970563694912776,112.3642660273413,2.0744333073868493,127.77865589080778,111.67134874183952,95.64743197993128
161.70917413881324,109.98768663299653,58.92584744925865,88.2733834011639,-132.78413909350442,-108.50988112872909,-67.22730477993923,-1.1506146126320886,141.79854389870067
327.85383930276254,139.7092742841443,50.14599862273669,-81.868860930279,-140.13926690380043,164.17679742814647,-155.2626815905932,4.321396280784602,263.2288733263536
132.80331050952782,43.51528636107775,12.353847041771395,10.580887449463482,137.81720377226807,93.7965681827521,31.637939341882138,-39.00970734250173,121.56133925984399
174.3318941547641,76.50886544983773,56.65260430741081,-7.774226608795938,-126.9266567451891,-81.56530723439789,-77.84113470568379,5.728112501564946,153.4964915985964
211.99740538060857,43.164131790745785,24.666656316227538,73.81015074870945,-154.82461266832996,-6.795683365266085,23.00409589399544,26.780023462835057,208.52372190570978
311.7068748608501,142.9283173180271,62.5768956214236,-18.633372058581468,115.40054975034985,-93.32889436286298,-219.0778388004064,-31.698618152322737,176.0187522713649
192.24485968853716,53.75481654151414,28.864844913401228,-38.85839193044043,-93.26623809084761,90.64105532308136,-21.009748042256437,-0.6937005333797965,190.27929180901282
101.98649946394309,64.63497721897576,25.107741768931728,-22.024187351298476,-70.93273361857128,-47.0617771172513,-8.107520146625562,-4.3107432113688375,100.29873749079304
334.8952827351943,134.20800575491978,18.879781009644212,-0.7445329960004532,51.47943240269973,132.18201957841416,265.07247628471947,87.07525937996407,112.5979796608263
326.3224577988195,135.1802975554906,79.90637098669269,147.0989687600311,104.92253561074402,-14.064699213680326,101.44371438455025,223.6628041480226,173.94701575278137
171.7654883821348,9.076649734503611,6.492320033911945,-2.046767927537614,-33.34954036932997,24.540246464891233,-3.010508674534552,10.356056566188183,171.42136442883816
171.23361613698182,149.441511771404,44.17301626435417,-98.93604020200364,105.48179242546695,125.22127220051564,97.71503053632662,-76.4169809950084,77.91128403685697
328.91670130564125,158.50945905447475,79.58593708966941,-66.83474065323426,-35.401811756624504,-83.48936226460162,-164.70077907257675,-79.22775258669566,247.56178802836723
227.1628250978746,162.56509236854762,48.50395185541725,20.52064147732208,-73.33213303674538,-118.8720094418253,38.401638599353724,-27.910767533870214,197.6660604870581
333.49812183017514,24.560743535038586,15.614842385492453,-34.96334093725334,120.28352112075892,65.27861016828881,87.35128323238771,-5.784005884354631,321.50094196034587
292.1841687255862,42.48828137955122,15.353692912886833,-84.70378417696656,148.78266613271128,-129.58005431178339,-97.7151843320861,-46.39990613184426,270.07059551590663
195.9188232564379,148.51917111887346,54.21668915635757,-80.56534915563623,167.22679901011261,-84.74486207538303,-102.3064174988485,47.10155050868066,133.4377689515523
158.06516102130448,93.0471645627055,34.39656399200383,99.28479111735258,97.86576356249587,-43.80551487943717,-14.800490283857142,81.02529968141341,125.71223862189285
89.92193271778724,88.7972522823337,66.8100632864587,25.62025034006677,177.86799808285625,-166.08804846232155,-9.567326460798332,-43.55428201157114,73.61020940523008
301.7668884676517,96.2206754349669,16.63984589667685,-147.94487817298085,-37.715524646798045,88.94728822675907,-162.17535578030018,82.08090919970957,224.7948974958347
113.6469532318255,56.21277699116822,29.723456672508927,-32.38243671060207,-7.409853069879193,130.25319041376503,18.53458345759619,17.568502708590295,109.63259459454025
346.31290393374843,133.27553974734266,51.380193485439484,-31.736361491649447,-34.79241483031382,152.40490838129242,136.43019780631886,120.93894620176404,269.22398246607224
295.85469606631125,129.3831386646953,19.67004696040469,-144.7963209196405,-11.436693950309754,-107.79751032424055,-22.803641759798783,-213.22849328072903,160.74025657016318
162.97947619939808,86.80221960204642,14.830021824198854,106.58176114531354,146.73776090057365,108.97941790381164,21.121614123188664,-95.00809070944432,120.49889012254094
135.3998182397991,62.05105977930931,21.282469809733218,-131.386285419755,159.76741251733603,-35.26279266345503,5.916909759610639,46.78039473757302,124.24452887054674
227.85051154114174,146.6901906739193,17.9751579636699,-167.35794800052003,-121.70103471013277,50.1301225282212,-22.278445490597246,-150.58549023364688,123.77100868054775
328.1329551333125,85.27993635665905,62.632421933737916,126.35896321877918,125.41707146198914,-98.04198715228291,-149.12883626846406,-65.84965741318533,278.9259276610589
209.77025246888812,147.99799231235704,4.0428790920046165,42.80989722246931,93.58807813226282,-133.81442693599672,-53.6421115907139,-148.28616044856773,83.056157283469
299.3114974062381,163.38795691991064,62.46706836152383,-21.159810546999086,135.60412995061304,9.88474682612123,214.14548431736517,57.45469570775406,130.76929849186322
299.9158309001067,150.1805668343643,59.58167422534033,-76.37224462266457,-137.57619567390083,-94.19812942965835,-73.74308427772958,108.70482674268182,244.8988939518203
248.08165983350477,105.79978371179314,40.22999495842826,-37.763338482759295,103.28089732200996,148.7353501249948,117.98161912726823,-151.1275962341032,128.72500887346774
279.2856629076791,130.40945286556902,19.7380042783577,8.31257974055338,-112.12911580530232,106.28361308977541,-175.7344382328227,63.956270052687586,169.31147534391513
333.08647657927173,144.0890829567796,76.85010285030663,174.30669538127992,-53.26175727387425,49.7604790534813,-69.75911222032641,79.41785632591284,302.96096894969196
185.28493966955355,168.23385293513,37.914619011046234,-31.545030852999137,135.194056029805,-77.74152821045443,-103.04921948440229,46.04031520434548,110.4235702464158
345.0741653897475,103.97225860509559,63.02342805110982,138.0707411125347,-71.52467124145848,97.26952087362784,-31.79143295254542,35.25814210690609,337.85933868484057
269.2954616570695,113.68962309018808,26.948523506661495,118.65434727085379,-171.19769728247465,-100.74315918517212,-112.46887048772922,126.67333710890183,186.0437684650405
234.3209573545711,120.6577968055763,56.953424847086296,-160.12441558512705,-54.62068195387576,131.4360834878334,17.657937143802297,64.55469613753503,214.5779318533163
334.5804060739704,68.88582377375636,2.4714269628825747,-161.68293556379473,89.89407037606924,-87.25945817446687,-208.14183282278555,20.380841220774837,253.6265635111058
326.5051360309966,144.43633499912775,69.3287065722938,-102.26707544474424,11.265391734697777,100.53717968692825,111.07918287316026,204.04824805282084,188.61935577550682
62.383777681051164,54.34730670292963,19.65597943959848,165.06550583116282,75.60607681966442,48.80172744366655,17.211364148146398,13.744949649692352,57.02095062458534
228.59526901302348,118.2523975117529,59.51957781559927,-18.168393195532488,50.55811635731087,-107.44740885874205,-115.5452392042391,-50.59641134615177,174.69850771005906
220.8050550558124,151.3718985916481,71.04469560118957,28.299346852508776,-129.23017201799473,170.04464925609528,-65.92115417891989,-50.59123864269756,190.6452688951526
224.68976547118586,162.36402972626914,72.23141501042268,-119.11150534217192,-103.76202115212828,-147.59949922376765,-54.425265545159746,-19.76076315766493,203.29369014852026
346.65225247901947,21.045466617132263,9.608850408110747,-153.33923398713353,-132.28485085749108,117.81165441266512,-27.200643274236317,-11.181202197642069,345.3191906310032
273.27483766350576,142.12230158592007,46.41921733943545,137.5830253184213,49.84830999530661,7.965033445134324,-26.26235402044877,218.1197643529587,93.13271520293557
191.46391120695677,107.56641955909447,57.01997550090398,-11.645117117923508,-118.90292216451817,106.76582272896891,-18.66125162518481,-22.370160286628646,184.83306072035566
119.19881445522867,43.75456500941979,20.85630250687557,123.1452546380063,-61.12753358481671,66.97795302212407,-11.308021251014827,2.954730760265427,118.13710545166536
285.71134959491457,76.402861310778,68.51277045245914,-69.24043210354918,-102.01594889374464,68.00452288307,49.47310753509889,26.290907362851314,279.78109807803935
242.8398497941421,101.46439692152845,72.7837298186587,-75.65971901418304,19.54281086151406,43.87033103556259,61.64183134601962,166.59819002949976,146.3877490801474
154.86009378415824,124.38392066691235,48.82683110321438,69.67456905121904,62.91012829688038,65.73172399807794,84.36655576666286,66.7741409021333,86.73889269446008
189.99061203807906,79.24043942608324,5.925644219096506,-148.7838658884483,-99.94754595714815,-21.253452552706772,85.27058239240345,-56.386026143521484,151.73174834682538
304.99334423175674,85.64386485044182,59.43250478864658,16.487382866206836,93.7518066664623,-9.87984599873144,68.01639456605112,178.43422486283396,227.62331277164327
333.4720642233538,120.53900698347648,39.93553803377787,-2.9474706913524162,10.316713718984749,36.718906869910626,-112.49189246279181,216.1776876846232,194.28674833960906
212.9281691872153,66.97651121319647,59.00121098381806,-6.627027885824339,151.80659432552534,-2.337631042917203,31.752726910072873,52.096656823207155,202.8221302401363
248.35126129318812,164.99019977736975,37.465642775546485,-114.88160508404746,-101.9101957899162,-145.73248619868932,45.61724835927792,84.01290472410962,192.20982337030784
286.18555438798484,73.4565806333344,0.04545034071555598,84.04791940794091,-168.42632839097394,25.19384529385185,119.78070445140283,-143.53779794747726,207.64273752998614
192.39072328430527,160.71024320579664,12.34265003307808,45.59011837109336,-62.55418962093957,50.962077347166804,-93.10782718209414,-78.09768976604781,106.46150077319297
186.18577993261133,137.0664563246115,32.98068771712601,146.08506704913364,0.07547375280675617,92.19353317662703,-10.183516327733848,106.19946959790717,127.22616583945428
210.2174759074312,169.88049303332315,67.97841531209816,-76.71873111715625,-89.84408877652022,-85.36632042247824,-45.84799534852449,2.2553714644377925,190.1097135998955
348.24228447262647,169.20065072136504,46.59557932315019,9.63836329043077,50.04979569528257,129.58939573257817,267.7817515200932,94.0765614179038,59.91391756004408
229.34247162637405,94.07591131453867,74.63467667628042,119.82133967814441,-70.847252411547,-21.668744707031987,-88.064512053542,96.41026883471719,183.3496195599275
332.9712496844132,168.6370017424855,78.84968812096065,107.44140413810074,-83.11301973978993,-64.49397333581251,-80.18974412635433,4.817893287194082,304.4904596922957
233.57680726705115,114.56247418523536,43.78262729638998,49.201300769870194,-33.00371185212403,89.70269663359186,-53.91371482833797,78.17066936908974,200.64718992439722
109.18008585385998,74.07530055758521,26.68399411826843,-112.06360438958907,126.18751641168875,-19.33835811104105,22.57194546587555,34.99935741750371,97.31348547359032
253.42578997152725,133.47505987197695,18.229422924226704,-172.38383588761437,-66.10987535878253,-116.27949199631722,145.71031978186355,-49.3345121395664,166.45258373146586
102.01853186973939,84.79427414759009,52.46982887862725,-160.22340388883907,29.421827265137367,-172.17955594652773,15.287491586997527,-21.579037204202503,96.58151341564123
245.25571925310973,83.76889138625246,67.90336905088711,-19.91230991613155,-20.57345235651509,-154.1530287503835,-48.80994358247397,-68.12867269232062,228.51828447884805
160.79474155300954,158.68711108956745,64.22018001697725,-115.70249674903762,145.4055079663724,17.81770060802093,80.08337098316697,18.558894981599302,121.18317652876134
245.97055266661656,44.043415684834464,12.00316625985681,80.9340560088743,35.79365108877669,163.13341676850928,89.99571427646049,2.9512396033798254,227.39379253534213
208.17487743633396,78.70303951784776,39.525088292942165,-50.52013428002006,-99.21027863711294,-163.45323023754958,-18.920951429150293,-7.863920418461252,205.2514738594258
133.14464929223567,129.07120777167515,28.176999485209937,-21.895735245863506,51.84338452195263,39.745479302750596,27.22790934453821,77.99942937463263,88.27901491161566
292.2146367637214,149.56111697933093,62.131874871097274,-142.9928293878902,-8.99192015843016,37.2261446955391,-106.29200423729071,158.48948860595752,183.93418155932284
98.47676573125194,26.043149600415255,19.645283104756132,-16.238015376250015,-30.985085140343685,-116.39988672222181,-14.439506371423269,-4.817052791912897,97.19679001976014
200.06747384357632,162.26793891100567,65.95324341467942,154.6462496041998,-173.5700546969349,152.98649017450035,-53.34685601996092,-108.35173519858128,129.96814037779762
285.3718830435816,77.28531868886228,76.15430320647263,169.27256612514364,146.1247987744002,169.45565803063667,63.47209583750615,-198.13293073117066,181.11895433262825
305.5183051735473,53.871531364845396,44.02588045581115,40.97817209124417,41.30522790778406,-29.788700450872966,-40.06513898901918,142.99449011424576,264.27889180350047
275.7902318548713,64.83005141222588,45.747358121688734,-152.99376935344475,82.72107613576513,125.63223214494744,162.08187967584217,-57.17633781350879,209.04943988769878
181.6289165019077,105.198346128202,37.797494205159055,169.00509014121153,83.92481084143633,-47.16412081187581,-39.7580457195326,101.11914268858793,130.5453062728208
188.23447071457622,48.242390806359396,13.984590898640405,159.3246241131616,84.2926844739305,-102.51225065550607,-63.697735843175145,-28.871161343037166,172.95230720113742
313.9762100437989,107.05206196773192,68.76489067351186,-92.98814472679285,42.71782029707433,153.6013757092615,200.14894082185467,-47.651355255222946,220.75344220307497
347.134338412987,124.132911812115,20.63152073182353,-125.78461659251873,-148.1751753477572,62.71026928013383,-108.08075894615803,-225.89354121687307,200.71956366718408
185.9564485694154,37.35409216904107,27.178875819922432,91.35744467182406,-77.35593585053205,-59.38312409815149,-40.27386654747454,14.12875249651567,180.769663157057
313.96709732105893,120.88221677678153,67.65595205175777,-19.299782828264586,163.07105816163724,54.28605229838523,172.03363927726582,-103.7832704834259,220.991563296885
248.6350831616202,151.53121538109525,9.271909225539956,-129.0099715297542,-125.03155181708856,67.51221663955386,-129.93163069386898,-133.29218777743785,98.17606100321989
93.16174207860848,51.424607369146685,3.7898005383591826,-21.21212533777767,-30.83264208202993,7.87551648798813,-28.067206465659257,-16.115546591020053,85.57816888022369
225.48584157274587,27.101472386093956,22.37090632820242,-45.461518962353516,54.48059954641671,-140.87989051046335,-6.754343707944386,-30.33331647735326,223.22243806853157
183.18097473741727,43.03854351837701,1.1021884235240265,-38.13408929935178,111.7089198984479,-43.97844809058338,-1.4356889307115424,75.14881452778047,165.50298078520902
123.20861124595882,118.14693620599046,42.43529436824631,5.448015664628034,-55.86074661641837,-28.339154034028336,-29.065620837907517,5.99357281252269,115.1228890517108
337.6066575607082,134.82192499849106,8.02299187962002,-171.983224573344,36.49419461208524,94.98386422380891,116.25354280429046,259.1852257145793,104.53679371603408
272.3257809811766,138.7249119545263,22.784607091991152,154.4985476175852,173.16173208735822,-164.75539896046627,-200.4951279771195,-32.52798953547896,128.68163220862598
144.46145449387157,109.11290304932415,35.5950208821605,-58.937101046149785,175.55308119232623,-174.15703571671028,-57.24919226694064,-49.17969332796267,111.96736026793569
214.06851544205358,148.947288224991,36.200634521950725,-7.272539008144795,172.0964684836728,-9.0443388687466,116.04988749973593,56.958571939680596,134.7154688873677
331.9178555438803,18.724642910595353,10.473704971719924,-84.30861122097636,1.4630063632383283,-147.3473642076113,-0.20919382811180995,-35.3608123441013,329.96679649144403
255.70070939360724,160.48683064595392,33.892409644048406,169.60865464883804,-86.81917059453612,1.6362862934173794,43.77497317857377,-115.98480480474454,182.55516322393962
180.06164098884855,114.14242751968455,68.76246334474602,127.9711308304374,-39.63979120586076,11.060384781684268,-41.62046406982969,77.25011623032432,150.64799004864858
172.03589666389473,95.25584664063855,78.12216531321165,-168.81494397485764,-38.93842443238101,-107.93396498945057,-95.32865876811734,-6.262284365184064,137.06747187365067
260.69156572003146,75.36304870283412,54.402794832631315,-85.14884585184564,-52.12157971636808,-54.4101652632969,-114.58207668800819,49.011840161108076,226.28949732254353
196.6459548002148,109.89700828085161,57.34014001308875,126.94417885420195,25.90222523083297,-103.02090433992079,-96.31678157287068,-30.548485000751516,157.31155854670317
115.11169205860695,105.58452914415504,72.00730225149461,-1.9439193691969514,-135.38230040128397,-94.15208026233269,-56.9722544991692,-10.894620356611608,94.73946056702836
296.75170152676753,74.18178997720362,59.76886981499289,157.28662372714334,38.35155614686009,75.72930912821855,162.20919079357623,114.57403373238103,211.15022364952452
230.94216646386266,169.18792436715103,57.0869287925934,-121.37164155262711,6.9002045691557345,11.96993153941496,-100.9467628195565,119.73013449285267,117.08326137689471
113.12889056517726,109.73521450621121,14.232999063691558,153.96062488351976,-84.7532599843458,-165.75832497953095,26.78827027889474,25.543990606545247,99.88992231338368
130.29978563261045,47.4217313682322,8.659955317988564,-168.18840018081767,-79.43226761025751,-110.54097486234645,31.109518259244826,-2.6073081565176626,125.0967334615552
174.24320541679688,84.10158427043048,30.28967419476149,-61.947401928946555,-147.69674001314957,-170.92621903458164,-60.46210612266047,-1.6107633012314975,158.2430028322963
348.00172296357067,132.5651731144539,16.16914401251733,154.26942302063844,1.5189679935967115,11.456588080056322,-267.5026331998233,75.85607671011444,148.60245489040486
299.9540704263323,137.2588634556407,25.166525522867403,123.93804872968005,142.3816477908784,-23.634270638893533,144.6621812616564,176.0227061563427,140.20548153570175
210.9763397351497,148.96523068257426,61.350045448575806,154.52720784221398,-146.03705904972404,177.93690449878181,-85.70233266684107,-45.182740218244675,168.7471621386497
254.33460558807357,71.71714668068206,61.607257452709554,-167.69541206582633,97.26730179990584,107.7202517972599,169.51261434581073,-45.68925245120554,173.41614007799382
171.89019574046574,152.56456802845292,48.192820247315815,-80.66741686530725,-30.896092226638615,-164.71513698188463,45.35111055204109,-43.30027449702626,143.24559679813615
180.8364632075721,71.43373953122939,35.857287005693294,-26.963052482769672,136.58822405556663,-82.67725061004994,-74.67903171173771,10.75709103292086,160.4211841539365
190.9981758910938,113.45782448875613,71.49945029730176,0.9043377606525738,-29.612416909377732,-87.34596730014741,-101.2292613334964,-2.8882378877902704,154.01860016695787
162.00526710270066,59.91603319213149,40.214345983685355,23.684478974672608,-31.173032019650915,116.60844997828674,17.965969327227285,21.020744221172684,158.92338190786467
310.27733609619895,165.4819918837461,20.5377409228133,168.33348935908998,121.72915973890949,-128.84258669340866,-194.68321285907592,-155.43110878765788,60.50703657236885
297.98652098837124,63.85420324010556,42.1168072508011,30.298373705986524,-85.15824683151392,154.65562992258168,2.6089033309114606,-26.67762027379087,296.2747109266484
280.22542664541965,99.87556606581191,9.214884265140855,-158.81452656032457,35.228171954233304,113.72443756671389,128.17129066375134,163.10140774066954,165.1002556741493
157.01448849316304,89.71625886810247,5.40218515344427,58.652802553291494,-137.27614785161583,157.3385150413825,-69.74597687499617,53.84979572886614,119.43278185994019
173.9694158003675,89.88220760160004,71.57828653717854,31.548590875095492,78.50244118833015,-20.643834542307047,9.96360367294527,97.55811298900637,135.4264354950689
349.9246512840044,28.906821731313286,12.503305756878007,-16.07323628034459,134.11142969345934,-6.344638333518797,65.16565921930592,48.11346152965923,340.0483590477672
112.76274681090243,82.23206319057009,73.78861108368027,154.66758758072072,161.09749621612258,-66.70171891246919,-36.54870136549937,-1.0446188267885088,104.84578512376399
199.64655555284003,92.47417595938359,28.41319095950975,-111.58372225454521,143.41513821817483,-88.80926374596825,-110.53848501129286,24.578591933966248,153.0914041145025
75.13018794120178,64.04921424145759,56.42179275821213,55.34297012769143,-57.95429127362627,55.96538137920047,7.782333184810406,17.900112088023747,71.84930419396096
302.68348414118645,161.85193726949024,7.521696173506429,135.4562038892877,-130.87060054397608,-64.74205119856703,188.34879286402992,145.52869663948366,82.36590834545743
177.70305795811146,104.95773053747065,29.467533136507527,-158.17293281181418,-47.20378293451055,-88.36224673417843,-2.604330467195012,-59.642614988358076,157.64063511049582
134.67742481654082,58.275955078147675,30.87370331705719,45.702842555616755,-40.26461955189657,-55.66197845898285,-35.26428522948897,1.6626911762091696,128.86180052925798
220.15898451557783,140.96068732664045,42.712450617789834,31.507017320102605,167.83294513254344,7.912841082498242,128.91174113752646,-6.102404827100129,148.42534088883158
161.68880111653561,149.9416378372508,72.78380612140356,-25.524406271067534,71.39462683269171,175.21628848135197,65.82000055865255,-73.6248338816391,105.65590403276981
218.18279730948473,49.041178307558596,36.67010329292101,-134.4370348353743,90.54704170058162,2.7637190862400285,45.76259727303054,80.98962068849328,195.4207329378708
277.7755221622833,155.3521307568353,57.874509470182915,40.47815853114536,91.64530635826726,123.28380052296026,207.5311683020804,-91.81521289170254,46.60631299212422
227.14666265497465,73.18465220880863,69.52430290216022,-102.14304847288149,129.72452068144202,53.42316667321002,131.33096827407974,25.390870993375223,176.94239945064535
157.83557287174295,59.271867098613775,33.61779832259505,73.35997003448084,-106.43056372381004,-146.3101396781858,-25.800729623553877,-11.67922827529898,154.61747339561776
187.29174152689623,146.66679866584204,71.04230065820408,-74.767844365203,169.94526376711886,74.94641523328225,72.6039870946995,-78.81530734834419,132.66353343345745
165.0485776148187,86.11348610125586,48.84176033710598,-165.77149727151703,82.2534720846953,-164.45691897952156,27.695561800587637,-83.13106601520174,132.38305458255843
338.45156743527116,124.11927963466023,0.3885870221823229,92.34109718183177,-10.209531375223676,-5.02371015808571,-272.9524505028804,-82.73952765269706,121.37116219312783
220.26652211871243,78.7532230119501,34.89091381192843,-24.785655429198577,35.340436814678895,143.323228980394,114.05870658503298,20.533741719203636,180.46007469465823
187.99890318578647,86.71908746723585,79.60075338590484,-114.94576952394858,-53.23662938680787,-76.50971332256772,-118.7546338544039,40.85172936634713,129.13107403358947
240.78891577232642,133.18712819505294,13.962970530143064,150.92840959820126,-168.26672043107476,-155.88791527248364,-155.79256107757,71.57569708593955,126.83000896501859
123.89327363102483,43.319133292923176,32.261886634427526,174.9707075075845,-104.77454130553895,-108.67761309164734,-33.46377760286348,-7.567829532914451,118.65077940168946
248.3390234358919,107.69719713131686,45.89125350365673,-44.37529984492319,117.63444956218095,-130.11100148071338,-102.56550259617167,-133.55852504180677,161.8406950247268
320.73423472321025,127.89181364237504,34.27141166731725,-46.954221711567236,24.388415673751,-155.10961979738588,127.15388272919176,-187.24055137569573,189.44675495929542
261.4080788864186,24.43697076538929,13.625527048946315,-76.29841126002935,80.54830446906159,-156.09661954442117,11.195709958040698,-53.1076984945562,255.49029297409652
170.87353213343232,153.38917894711523,69.00382403266605,-171.44765767541284,-159.73602732648317,127.30686233282421,-9.254793937475803,-82.04654626377294,135.33964835274978
207.5296712452587,101.68821030761364,18.77627912415166,106.38918944229675,-3.9966114705585865,0.23790263805709258,-122.38775965499917,23.67302144646321,149.7623305983584
306.4519784045593,92.77002505045523,79.12735515999219,-161.37009158260148,-8.046442953730528,139.08053661588846,111.56494605301432,-11.079443452610729,282.60217372494617
190.31551651756453,133.23845580149518,53.21711724832971,-29.313075109876465,-48.03081714034182,7.719555656877919,-57.30606778278887,18.821936701347312,168.92863808544567
162.8012099887955,80.46283034614345,36.978234411493446,-89.69295900415604,-48.58299112148697,-126.02106794373817,-8.664651784347075,-35.443512746733305,155.82808062217057
159.53675813946896,130.11976781695193,69.7683441602859,69.7893603152405,125.15992847927035,-94.48715806118679,-74.93357023186294,-21.63323465217364,126.8467364197357
29.313191375607655,13.409160136046957,12.048047546981115,94.41048538926417,175.38707953500978,-163.84308390854042,-0.8285210052164015,-3.521032211866627,29.054216580087715
234.8842231168504,67.76160497357819,59.84567672639141,92.18710167416563,-50.686416983614436,-176.06350040016105,-33.294337154828405,-65.71892056383493,222.00503268545745
215.57565470323237,168.92847511220106,47.615148170034075,-111.78314021260232,-135.38667860873463,19.892023164020202,85.00012013112537,-49.46370951327059,158.70949182090163
299.28074805690403,144.59796561208245,47.71560794882187,141.31493812623137,110.07817140322848,-90.9838500914,-218.69614651160057,-12.521495086781117,151.67151358271934
170.25129283495377,81.80425839597305,44.47019239006089,155.4999729227987,65.48252582414646,170.8525487703981,70.28258878785681,-58.096584297402984,136.74890941554335
225.2624867773112,106.79223344487775,33.35300293749956,-141.3766592914583,-94.7872819704228,9.949089817613576,31.353744577595737,-58.94183406985607,204.50085687560994
182.4070184320252,158.7179443735488,5.3899444106405,-108.72693128991344,95.51564061790916,-145.10356495584708,-21.66559271865471,-128.00010129418712,82.36397221286893
157.3207514217024,143.1247977271724,72.02224796923275,69.06494206283503,47.386275181674414,92.6457957863707,95.70906146233546,46.8680859639574,89.10573077506737
263.4200165556764,140.78051243822227,66.25582819914686,-63.91320531056004,71.01851825877449,164.5097704670806,165.4876406863323,-118.23357004120302,113.57633923332534
225.4448808879284,128.715003677116,47.00174244230995,92.20349150750677,179.1602612419089,-122.259843335615,-138.2130002840376,8.382463108243948,153.56641626032973
219.90926124709353,99.16203730785928,16.192422360300984,25.76512242241877,-162.3333428192617,-34.46047572103838,76.04158730998576,105.70923664188777,161.5683277927467
270.78537236787196,118.82848373032337,46.63826096524486,79.27777044095896,50.95699320270837,104.48753594019661,187.59510224222015,97.7731857134749,130.69968002145222
257.2561334371124,114.49206313452608,49.98085077476733,-143.57038796880033,-81.6636453388128,9.863921036927232,-11.439647144128706,-20.86353552908005,248.27406172849243
157.03323524555324,137.85347562205132,69.83897723213657,33.21898215998557,-100.17432445064438,84.24596152394025,-3.8412737414467313,-6.882189587059121,151.71409855151015
259.2002968097052,127.79883741151436,66.19526820069977,-58.10708044410695,-19.34999238192861,131.07900737352438,59.46432275249096,86.21735333172968,224.33883815936113
202.25980259328884,116.1478774934588,57.86562647737253,-161.86329421612044,-128.51733552250136,-110.51093176582657,-75.41021298776087,12.256079089572212,180.30390630908425
257.0543909964082,162.17288744042008,29.87068346069398,-95.45754122667681,-141.92995051385492,-58.21001114293294,86.42271502035842,130.8108336217818,151.05591368644812
294.3572790139124,105.4103688836572,65.25845084408455,108.97379140567638,-140.10452290846652,39.117510945642145,60.99690514668066,-37.32654039066325,280.9810654069238
126.24681469306931,114.23603423756218,76.72768506968886,152.38896849283628,138.1198613660939,7.970920995240647,38.41593027422283,33.40975997061429,110.37800220334525
299.59452595415746,70.82146232240628,44.180249627520766,-0.5039861788344924,-167.80399374867966,65.88538432163921,58.16479297064557,-77.7589495456285,281.112025317056
208.29247572787486,153.9469290886964,76.03970158421649,-160.80296942399735,158.526508513745,157.3425809566925,-13.00255460940572,-151.41150514975865,97.52441235018496
228.77805895826705,124.42881515381106,42.59322557702955,-28.88446784444688,-136.99856306566787,-145.16895659000542,-76.43569115033854,43.77610925644489,196.02717777791392
175.12662521535202,145.27044287057046,18.618571734094996,-98.38848531070414,17.50106135599471,-102.55276149182122,-74.75778661191256,-82.1461451309219,104.02961249776335
192.94927454353717,101.4653377656599,13.056534777422968,45.41734290256891,148.39392254712345,-125.64247268337563,-125.76297667542818,-21.367010063676645,126.93560023086276
317.6204393004424,160.54881013592612,73.07469278504512,47.26293023019067,43.252796687597076,50.11655757714056,86.19910196604893,247.34379193426443,59.06424416371671
337.7266217393268,57.13114730389766,55.23964409742505,30.817354127608727,101.3277021848718,-44.17853793790927,-29.200003621737906,95.5118706854045,321.6513077134531
220.46054972780635,87.14112612275645,0.9917771132636766,-22.68385620787736,-57.70186050165236,-90.06260838850007,107.75236480866288,-101.9674443747448,149.51543019846446
342.1871843510144,90.16278897917738,42.203589959774625,-117.7461692039047,-64.9203956542487,-74.17423046715444,-53.83187472932998,-45.981691550504564,330.6718433667746
263.3011407275784,106.6412941742816,43.464734098876555,162.00063740671482,-77.32040922220774,69.39776493179875,-69.2931478788532,-33.33525743258866,242.56990076366586
187.01564951654066,46.083635755253255,2.0032162404146896,-168.8418761467916,42.36100579931001,64.19181902461496,16.1798808307986,80.04928887610347,166.33727132529205
257.5990220685102,116.69679774291282,59.73853718704373,-37.416509539744595,-165.1489082976375,-144.0173319211753,-143.9007824870296,-54.626213074222285,191.46054057796707
172.3301451563731,169.477301782031,52.39967393611713,20.73005885749779,90.36315103772083,117.63893808499634,118.30273626090309,-40.0542207116855,73.04695214565825
280.8422514251501,121.96361026970018,43.61639209781121,129.227849889635,-135.9757666069853,153.42559065895082,-112.94933307240136,1.343827312912639,241.08318988365872
158.4189208738213,142.49489023731613,2.0813922841256005,-109.93384382222797,-178.59810730279224,-19.707586007025355,83.61585201505261,65.5577553028909,89.28411907474558
185.61656094778144,50.527432168156345,26.74873813739138,-35.14648205801382,96.35797177154694,141.52691018521165,69.94095498990724,-57.428017712506666,159.4233106318772
150.49712899910546,66.86025458787225,52.205380141366554,148.79458685962075,-148.0555825171599,-33.531897819302465,-32.22994326993099,29.989368606657855,142.89165516592536
241.2686054199005,165.3329122342626,75.4003695386785,60.26287971556706,-15.57158459256037,91.24579419708301,10.713191815764873,123.32573511820364,179.34388539334003
225.25851635962704,26.669007804723194,2.5265064554398813,-96.2811855204971,59.77882773689348,-53.55974611393259,-47.6759821767247,38.17707629463808,216.4363257891376
249.62972227639742,152.0943245825202,70.9316446502257,98.2422313541488,-82.39036095536746,-2.066480347729458,-25.83107952243331,17.86082331000189,235.29454265877095
314.3566966594266,148.54844743921186,15.798564149062253,144.77388062724046,135.8917132407334,165.45465434141812,-83.6133143729537,-246.85218513386786,76.53180278238045
268.3827842405415,159.65548819749415,18.266898530554077,-27.901769789465224,21.734602548434285,-56.663151605899984,-205.20872439027437,-22.95125619820168,85.74877175939511
82.56181900283568,58.537119785359465,23.084240556876168,-1.2366370270125238,139.59420325699946,46.85470893877847,27.71714203511302,-5.334923617570975,75.80356831082825
214.3200397615858,96.67592938068451,41.67805062046188,-104.66015487409766,116.256915789515,-108.5821332186499,-107.06855079072776,-62.193451690754024,162.85528889726768
261.9798101028511,142.95746817174603,57.32982053818504,130.65349498373826,-75.22187311776598,137.38219964743075,11.873165234039703,81.37173460204156,229.78844117213143
282.08778557556263,147.53098916963796,58.35283676794434,124.68348611638899,177.51559057834893,-28.74137237113009,52.577794954195745,157.54003637466673,194.5999866599028
236.8589133952474,143.2098022912771,65.11325469676562,153.70163990370432,-38.006665353865905,23.567729859445517,-78.85599027938818,66.38142462895888,196.81299485034444
301.40335349823255,44.943639053784416,8.475388559276924,-37.24101978161495,-38.12972781050705,-91.44683345137672,15.26998934208201,-95.23830983681528,283.98817758784645
328.4694223681479,144.62587451323108,39.32882674379635,-154.7588044640938,26.935463246441564,-11.781587558759567,-199.47914660428324,173.5000307346965,120.74180506699314
201.58502936113175,103.19914788213538,49.142548037726264,-10.122943525383826,29.51968635230909,0.3539559714396434,-41.42416471219926,129.5879873497519,131.57609655229348
298.08997167404294,145.91264649888876,37.771556081651696,-57.10374209477059,108.20776230551536,127.31424084162005,174.4276222678169,-177.96224617824822,64.38294596733061
174.31569274703594,104.18041763745092,12.27937642993524,86.10203589362011,-94.03728143087403,61.70526870229147,-57.19047307360537,-78.80365121530123,129.4226873907528
337.00098221251005,96.87198212041554,20.409972484610712,-42.72928615568358,135.26585494675479,175.30004923340206,-82.27525522757416,-241.51242297263042,197.19743153509833
302.4937640460825,86.57665000606862,69.98806790441306,-168.42621776379795,-38.411321868249175,133.464014394431,62.70567609251768,-3.7793534414854943,294.9378169913393
206.95114247103035,116.31195781578255,55.10017702079359,112.42690072930299,75.44102542135953,-11.3740849383576,18.362510568079824,145.2650850873866,120.43785858705891
137.67988321235075,94.07190966389732,71.39874697677278,51.40935516008936,169.91796337263733,-90.98763360956269,-61.64105959168979,-19.22664951389372,116.65150719040719
306.9004927782632,40.902136049754226,19.973630314706117,-98.49688545191972,1.1442696209596193,176.71409208079365,68.26776628579725,-16.6339677954534,298.02419440055235
225.64999936739113,95.03340806144752,0.971272073763485,110.68105550765571,-52.09864576100029,-32.27711079634504,1.8167968546665638,-159.12964063614947,142.00322636431667
302.5112519479075,129.42074670616935,13.435038447909093,-130.8012045196211,-38.355453364204166,141.44579833056588,57.07366206274359,221.92015871200667,149.00840239130804
216.93135428105757,50.940918094526516,0.2165818940629727,-59.72621052241681,-82.06373189603902,-14.38650543484346,49.064344323943914,-92.33352479576818,187.40169806794123
275.7550592428719,96.86700202210285,14.5218486487755,27.10618294626078,-146.48064089092887,123.98710109960636,-166.6746556095651,-9.488554418662268,203.14555338299255
211.4410169781932,133.31025510677773,13.998226998999055,101.79408530019683,-105.74175477407553,-112.80164266964528,97.0354178242179,78.328424424456,139.71631402933528
112.98094959508187,44.05158615000114,39.76206769739858,80.64441078636538,121.45805218995316,-150.91726898238824,-3.5212391291335905,-38.196567827742896,105.23057627519889
323.9194449960975,149.866369556992,70.56621675504836,71.43427964838236,62.69510422582731,9.033564004150966,46.35599410202671,267.55369888136096,69.99688193999425
179.5246128371198,160.47297718078184,52.222977959305204,-66.32478797540718,-153.91620950548614,160.12986189985386,-65.2711319993005,-46.89845390888426,140.61403525417614
314.47018711571616,126.37319165924363,35.62123727995104,176.76008930753588,-121.75831519478433,107.82453805856233,-163.36957291106282,20.324904966602368,242.8999434037376
282.57969635783314,75.83279562978542,70.9938318509389,-52.29888436924189,53.49484492935553,5.057350573991313,62.882387121884626,183.20403701780586,194.83757600865346
77.09889649822703,40.95719561983756,20.779380166930956,-142.803771224943,49.60441444844798,-53.49209349616629,-14.330644929497971,15.233094264266349,73.49267344946045
278.9024209533063,122.96030509837182,17.330675056469794,14.100585248519172,156.58481407170632,-41.250876681088336,19.860903205617248,205.7550859621727,148.17615637251674
278.3542280370802,74.61823714812712,66.86903770154343,175.84106897949482,124.77535786361406,28.67929895162137,135.12674451941282,75.66699044702303,225.557191227986
267.4629938386475,92.48611651297293,50.141285146172855,97.34233794527773,179.3622532024274,-2.7133498798441247,86.89570746024062,55.06739008240274,240.86011914176618
132.64378443368324,103.2778956858836,4.904325261875382,-91.88458431980038,-61.639231929934596,83.17075433342782,-73.57343026810906,-5.474025637044261,98.4721678629074
54.36420388460485,40.44531181856592,14.704649910280045,134.3663770873971,69.66195276818185,-165.61927237765445,5.959961373329356,-10.823383927301752,52.402528808479055
167.74473953532177,95.9735201359662,2.2633844510491667,34.82148615549436,-23.542496754852486,152.39252243169165,62.17825393758829,88.25259247346162,114.09721433138867
135.12115411551324,122.84230107104347,23.024721196909432,164.1097923080131,173.07268844700678,86.06686644590846,3.284254692047216,-68.03901135995632,103.72157172356354
296.8349562079228,66.42838707974379,37.216997725085854,85.087474972928,-100.09654575805834,-17.562494103384353,-6.583767965445483,27.700925481164465,294.464976160837
285.79415242591347,146.91675454246695,37.0239150253428,51.540315674419844,53.93787212278023,-82.63077142230759,-215.56591707477898,18.706815132991668,124.62656561908443
283.1296931219485,36.14163445889286,29.73690078636272,-24.120642538867013,-22.234191448473528,-91.67174462389438,-80.18332370057719,11.760498018318646,270.82433727178346
163.3840875114056,106.83543464813906,16.754182516754312,-156.88481343643284,96.3026697531234,-44.47100361370826,-18.922859751100674,99.59153003974656,111.60764187584334
302.02683490015846,90.62274988014076,30.418846711944358,-64.49871746166583,92.89303605282097,158.23614268063557,145.57765950931628,-169.3041626097169,185.02693682288788
287.8131414743064,103.43249568749196,52.86945567398396,-15.156946889501217,-30.806182401069304,9.101938886165964,-104.92943226987019,85.32306748495469,245.74440165354767
168.8911448693054,40.490513782675244,25.417786784743505,-135.4115227934513,-32.24106952003919,20.496139636842113,-17.709524440465056,34.87316359094112,163.87924273307223
247.00552823954277,77.91768849309764,74.45689449645175,-15.215332805972178,-172.7059938465099,-90.16265666206067,-133.49068142086017,-56.38525801004594,193.36818395220587
128.2207967183577,44.27887223744702,9.478820188384125,-35.52971926240934,10.454181656000502,-179.643602186501,40.070303522688185,-5.147610824454554,120.4006157004227
204.83460472059681,27.644191922608282,12.949548850299266,-61.53304665554286,17.42318497249851,-100.14361121711597,-37.02030405383569,-17.520350248500613,200.42176893631415
180.7087519622568,160.14602458477196,1.9383483270067892,-134.33085073378194,-127.24314245634943,173.25954863757818,-53.95037652349793,114.4265380737357,84.7685612297401
346.98057107599175,123.00596395183543,49.41281921359969,-148.16204306112428,170.82032131522408,-106.55526724054528,-235.5702278759247,48.08888076530165,220.6382857131301
196.1854328482252,100.32055849404453,49.84572028496284,155.24759825260654,-126.27801776150767,178.94484398744768,-49.19792198642047,-27.229169458762023,183.43253864080864
342.6488568846297,120.94439254266518,30.33000488732388,-159.26362186356909,152.2311706530686,24.41209872756358,240.32282212658967,-83.01236831465359,192.40927765667266
220.89122856363792,73.30627169708804,56.35175031819618,62.46493730108773,-15.750969340434542,-124.20533588181958,-76.7104545343896,-34.59562883860116,202.10588166095482
155.05043812743367,148.09041424397148,19.52952600684613,75.19034823869245,179.78041314522966,-177.30612140156404,-86.14374786938706,-22.346509380322008,104.35924335419448
132.67245981197038,118.80274343690758,12.883654625595193,32.32439418810921,66.24003728198021,31.732685321065265,32.865978578656396,75.84997394719845,88.41219233431893
259.68256407226755,127.38182030487569,29.214776241685378,-105.25061804618889,22.72879569063951,137.4865981700139,138.99415498993156,120.03208408204952,147.1633268518014
186.08299393981162,108.38271662928686,53.346662855236,-149.08096460247378,-91.93423220674967,-175.97276888872432,-11.296263911675128,-15.522105214294522,180.96748784062945
303.56931579091423,99.19151577271987,78.93007340199716,-119.28784255020769,-77.90358614199339,-29.42016507778797,-138.43315244179175,122.2747165409484,234.55155932457566
341.15593087220867,140.95292924999654,25.952453131328408,135.10601411430545,-124.71196789880764,99.60792348574451,-236.9756492884135,1.9719433578705972,194.68092729670147
256.6130742969573,156.29998794899774,11.835753064376915,-58.90280829958558,-123.47082095969058,-175.74872825555835,-45.77435031335953,177.4508006657686,113.45213337332574
310.8896240850458,157.08888809003037,19.83575933287078,169.12573479025903,-143.72585239630573,33.184347662041006,101.43954230824895,-212.98259303626153,120.06440712910964
181.27079002161497,101.70271054293514,20.57203792246213,-77.9524019123913,26.584308728855095,-114.00546172696549,-65.50476604747188,-83.57048485518763,132.21617624331256
152.74538464424162,123.74333643735795,37.53067495776935,155.01393751568546,2.0608918034849255,115.03006987836322,28.083140089414115,66.07483487127178,121.37026384208194
289.2153218609531,135.8707167605987,52.312434449685064,135.03596294213014,40.89795661689268,-79.84182538029974,-207.6707971934698,17.752996076556826,159.37695218483185
122.37415651650588,106.19715412548496,7.960771429236574,-93.13435739176911,-158.14541354331178,17.599532042364153,53.14329361096701,-33.8134334818712,94.70821481056575
299.54967799631356,108.76656909517065,12.827049995429443,115.87705947787045,-68.56433707045413,17.623631770018566,-51.749606446746434,-188.28354705896643,202.60957675034012
265.20369263556194,104.13243602433991,45.04086080690872,-104.36863542352792,172.52756625124593,-144.69126224726432,-153.90170516625707,-68.9187580578205,188.56991311707085
182.2996476361304,127.92305289524286,66.33769129624953,88.44300023770792,-149.5868775562541,98.79042040156192,3.3359970579538345,-64.77518199972063,161.97210968447592
83.7921691803297,60.79908780982252,47.198817779441086,90.3010800371265,-74.54307365861862,140.14866627619685,3.8096239198729815,-10.798593043495442,82.81512265534963
196.4097657495481,137.0924273607596,60.96584168241408,75.22002684778245,161.33316642534024,-147.0384596265952,-99.6306915179932,-84.82685268697894,118.52050620589279
173.96001516974778,59.86399040012302,26.093011360285285,87.2397557474207,-9.27267068686084,25.463018203288662,-37.346724971319894,51.57492625185595,159.55719550192657
126.85506408462263,45.60062934000096,25.13239104626739,129.48490844711534,36.87010637522776,-43.924077648995855,-29.308270770557122,33.18878657137724,117.6377448555485
141.14696779213733,70.0770171391055,63.192478538847006,-97.16286453935787,174.73124238055996,74.1954896613937,56.53939143253774,-19.177277071420615,125.26389154547846
105.312534522209,50.023947694959894,49.42287491108433,48.794865470308174,-43.301042466600336,152.7409381244619,3.9079144227749314,-17.35005701242382,103.53849607695852
289.8493270180895,109.86319504951382,61.17793753134063,171.14555657743975,-14.046903107470579,51.309319639872015,-26.749054111596546,161.57002241735614,227.35102121611155
321.35496257127943,97.49197273705637,73.49316920490362,-144.88390556172627,53.441341411552735,101.82173582008237,244.31300331700123,55.490830549675685,176.79416591976133
257.7977604296317,109.04471244707152,49.16849754019409,-125.40106483939995,-102.39454428112138,-82.83623617571689,-26.190370305182167,24.63192501470362,249.21701342453986
162.48856211240673,101.8127831881023,47.822347250403055,137.81135957204884,-45.388137494439576,-19.428581077239183,-51.24321248885552,19.671550547879534,147.93314770824128
271.5661194797076,57.74301054917622,32.77608612391956,-18.555025583211126,-174.14744043862135,167.04493284952693,-51.86825073464749,-101.63597973035193,244.1799717181929
322.6462106388596,141.0459077714337,65.2610889276331,146.4506112979981,-58.50370570160209,39.945124230011494,-86.0001444164241,19.84557268992174,295.06636428226005
140.80384194953325,81.12683837265217,48.704624736447535,-138.99338826515205,57.35311052992301,101.13083677108075,81.06294932177985,19.573674005191226,105.34994373946482
147.65073148417844,95.38939723346431,60.87623836136031,-16.698895756336107,16.852845686583812,150.87136606868006,56.02601282181864,-4.071705205055894,132.1540786630659
321.7901289735181,161.6046455521557,69.98585234192433,167.24923359707205,-12.420001019139324,-162.90954092408603,111.97694326212863,-142.01373153147966,228.32791684118982
142.46632844581467,70.42292527273142,6.684962571878259,-118.82138711001576,163.15335882311348,-109.64894817217592,-67.60553474106945,26.418255259213804,117.21220889684828
277.36270037178195,147.69830360170178,76.75034178521848,63.3668256321762,-60.669243482715366,52.71373370098158,-45.60515679960746,44.99243935024554,257.84171974123774
217.57834542857796,160.34031591169833,14.935369462501225,-88.13285557432482,76.01860734989671,56.32153850382548,127.77542364409771,106.58683522198065,67.51782840472559
157.34403590236624,120.78598923479825,36.10391346746442,62.39819066470381,-82.5801497297302,-81.77904839647537,8.265567234230605,-10.00379700769412,148.11790041578078
159.517641807183,65.1661155806934,12.974394795502766,-16.495555787183065,-111.44897832011418,-110.51728698284413,28.41803008662361,37.40616137941319,149.03475082128963
259.67523325256457,59.662815636971274,43.339085733058276,159.82096531053477,-26.353576200823838,144.39791273424362,43.53803120803964,5.271395352378085,255.31707930977188
256.6112758172377,14.830248145014451,7.865327290069154,93.96776627333875,123.50096674767047,-159.5456357760067,-8.41750728292697,-37.60174931198384,253.64124439883884
177.75810275546158,102.7613011340318,62.15256439654644,-117.7113883164131,178.56567183690973,-157.0811078452091,-66.72929781626985,-85.69193919477065,129.6421971217021
292.39730470270763,132.56533332619884,66.16064116863996,76.21816317184671,129.03641462634573,-113.83485485180101,-180.82265964818407,-108.12746158528539,166.81538302655915
189.61241878989497,101.77632795068176,0.06596934677483013,-135.43656079783042,-112.99004852247401,-60.57024751467976,130.77305674166394,24.7390959083196,115.65664176530568
321.86662360209135,14.974137550097911,5.618669670936258,-67.64301023266937,173.60305109049057,167.17212299894396,-27.433548742744787,-32.48207885299855,318.99058786261634
260.0967182341926,124.78862010806333,11.405702586169104,68.6329463178553,-145.37123999478908,-112.1183716915591,-11.311798223961146,183.14801513397958,147.28271468357556
346.7165554674018,105.12990485701032,6.1310929160705205,61.9144335568589,75.87415260789466,174.4506149555812,206.116822040306,-186.83681102223375,173.969258526189
311.2843071557726,58.89230604003196,54.24092433374369,-48.71581546363334,-178.42909625470247,2.6043039218954034,17.587467555005514,63.15164516986356,303.8242368754103
222.58215041633642,99.4175997662485,74.9612000701011,-117.44032039833932,-159.23063820008156,-151.00381918327923,-94.97671328385418,-113.93715239559229,154.71769768474036
182.77039769931778,154.79820739968747,58.16087247690843,-76.20531558823126,-109.78939164786217,-170.33192030648593,-31.704741002555167,-6.041113301705052,167.866877756812
273.3332680509418,132.2725676796749,44.27450959095869,-40.30072297119086,19.80368853836592,-146.1242496109591,36.812530473391675,-169.484393107491,180.1500656145859
304.50689524987484,159.24703283119675,12.344297497814756,152.18607449706025,150.0049024197722,53.781342158786636,156.56602120604634,-189.04947256242,70.22549011383128
115.0075953681922,114.15472110834732,74.25909184897321,-157.47439829538263,-140.58456274770654,-145.6727568541703,-42.374173557107675,-46.023891454788654,90.4280089696022
303.4447200454729,127.62113891710344,28.136191268021076,32.47677876406488,-127.28297715948737,89.24457677334308,-180.21452899983447,-52.34213351489265,206.61448820421919
119.94966326457008,30.224217601631096,28.384153531007918,-60.983800509247956,-81.27160732148295,112.27325514753082,9.525116538791679,-6.466300062321639,119.3565698800844
166.3949760717957,136.75248907281755,60.79411180752722,110.82020749426151,63.783346198796536,-109.85843286669892,-68.8469599443073,-40.57631704564041,130.89203181635065
214.86969436279782,108.9756166127518,51.847514422521314,-139.63566114994003,6.589539304259531,-144.02454876994906,-5.539562742447065,-97.19289163163391,180.9902314483298
335.495070304983,33.93144992003513,13.140270980341331,-77.44871144019957,-52.126443505437216,-64.05098173342701,-20.114704470551125,-40.32967054450643,332.0675523079552
331.98150865312476,127.10949010304789,71.8600356142515,-72.02703390195761,-138.65951720449837,20.23864298070285,103.24239621143661,-1.6602950968825012,305.57608782410097
324.89595892519367,141.8000430414085,27.642959343201404,-9.87353607345416,169.689248670783,19.084682283986112,216.2437074002958,-116.16690944393802,153.13513488106528
103.74550728706085,94.201593961564,21.673631470904997,109.44041769470432,-143.48338169240844,-68.85054413891821,0.5742732800628365,28.44921135945881,95.41240466295343
74.33599975483963,50.587531149343604,45.225323760395476,70.60188874068461,-154.16024649812323,-8.250168150944459,-5.728677361594219,10.86799584347484,73.07567850282445
114.49374480033512,59.68919006240857,27.095650673660028,94.82806574372859,162.55518953410171,-129.53529280680058,-38.95514324680877,-19.550633492937525,103.62050540812359
271.9613516149289,132.22153076837432,76.77449753393016,75.57349613132946,73.48280052764915,115.13199894684777,223.9649137911912,-16.060580979525728,85.62433362470026
186.85262715634462,108.71947942607935,38.6774921078158,-142.10726623807787,59.27046873343887,-167.90041109294967,71.37150098492833,-84.98772493743986,134.32051445682868
95.88188296747857,35.99203676249213,22.050804086669462,49.94312864305709,46.25158687377054,-28.420231321543653,-9.640263832018814,26.29549928517387,91.07308620185557
173.79195603028532,77.76106930876779,7.2137581191592925,79.36529502814192,28.44957895165862,-3.0363237586803704,-76.23005978104138,68.17315121645537,132.30402184207284
305.0566323122445,165.58349579603768,38.95856658439961,-1.0873582343539878,-7.479859359968062,-170.46752353021316,194.25213485145227,-87.82605071902103,146.72302072192699
168.14731679406404,105.59436226592796,75.40074106558453,179.7872131395617,78.7282817416288,-162.94904161225634,26.285627226344825,-86.86850247166932,131.74403301036776
213.53404562046396,9.159849919233746,4.950838162046116,-154.23677997769735,156.01980846417501,157.28635440816404,-1.4057251810716171,-19.74012626621217,212.6015253397803
188.25132421037142,121.57548798084207,43.68432533984638,-156.96988473302162,85.4857602690536,-143.3570440503537,-7.003263639220719,-118.0020653753045,124.72185853433778
61.26701911256149,57.622338641875636,6.844611281471451,-23.747178327726242,74.76512762882761,108.48561531189803,20.69751223144093,1.6849839517125313,56.34218315680858
232.1143740328352,151.37141752602855,48.344584303913706,125.55795062177158,2.330391779416545,-99.70699392061368,-100.52614035385183,-100.49614115960378,146.747546660886
108.01856317970015,101.50769600580806,75.53165173283728,-92.63734453619031,-47.992477947326016,-53.51411401586493,-48.12292052267849,33.19363223833527,85.1459449464136
212.03223129936794,155.0371321639563,41.97340075548573,7.477418865300787,-57.54997667214744,115.83830137435217,-51.514918014024786,84.81256310473356,158.04056397984542
190.4116747644155,28.89979668166328,12.60812106307827,61.87953087557708,106.38907239267594,32.26494704591391,49.673998639617544,23.340589293668277,181.86877543437208
112.43052362163382,104.35680405408175,61.90798090552005,-138.20424915543964,-166.05986355756139,-61.58028582846264,-38.018932070660966,12.698599363773948,101.9442968633948
234.03741257182955,86.08910129160158,39.63930730149458,-6.980706542596433,64.0594086710185,60.106378882826235,124.77183892689133,111.12075661174376,149.0150010431125
236.11980665427768,75.4921167431902,25.445131768694356,34.715688440703055,-66.70803109063208,-61.085561120846926,3.2481271289430143,-46.33543660747572,227.6733354768214
159.39707998062246,129.6368606958335,55.52360105489177,-21.224923316858366,141.37418833581248,-166.92995660238893,-33.94062206054946,-97.92486262088948,99.31658225077048
219.41589912431826,84.989876277642,68.41311571873709,-27.238885587715863,-176.3534385570748,149.54289735226752,20.02025404750551,-139.7030642794515,158.99818149061116
217.25588474153113,163.8899682165899,36.394018186744454,131.85927842975008,152.06024663842697,20.459669893481024,139.6058210603139,-34.16136752839781,112.20975504947987
246.98457513591975,121.59553179289209,16.214223029417404,160.0306797069453,-21.86205774822294,-83.33508684966408,-37.15644914585804,-160.86071862622063,152.8402397449603
344.0996264767439,122.10171148771941,11.062960119528569,-169.79624259429653,86.56032772012564,153.69493052148,225.37832785983974,-182.7539648602326,126.77241033967069
249.59413570662898,24.05233560631595,5.9825227381879476,53.2668153224838,-155.22213048615154,120.39219077441633,-39.29700317272465,-19.634975976077403,245.4702566718086
326.58761672617567,158.10956210228517,41.873907827591395,112.50279685805967,5.723602647991672,-89.3841689702044,-177.38949382389762,-163.6740845970917,148.6219128805342
248.8599351434308,53.535327524534715,40.4780403128906,-131.76820107755725,4.02226650026031,-160.4224892999456,-0.1235566201088856,-52.7359364890009,242.56580669604827
238.99365824677267,57.853797798291986,23.96099922197167,103.24321632810314,-159.37093636541059,126.1021266559383,-45.86571019277124,-59.955988998731016,224.66527307568938
265.9370089629882,103.47802525500042,68.86141559636836,-35.05930858675817,-124.49128241173264,10.31847068271973,23.631587073125026,51.428872330195844,257.2697323603423
334.8715702482402,150.17987482554855,6.908773960127733,115.7807293241053,22.510123472152287,20.735492805163787,-197.72373728717383,198.49485107620333,72.98397520920949
120.2669129702104,101.38501080100599,78.76859012807438,22.29873249642399,-61.63718478836281,-63.95804178910407,-62.501552738949364,27.50003925220587,92.54222719098084
167.1782900454612,101.58956256580622,0.5668283335958436,-112.37092265063484,-165.44450469851867,-48.829832468779934,47.0878139566637,101.43090546033181,107.48746557088704
271.0130046273519,103.87769427292585,70.3175097909166,92.35690682468663,-61.883708691528156,115.79066460433485,19.71319108046724,26.77574844592445,266.6040364581309
119.6960812546319,119.46728582331764,55.35037277335593,-167.36732426778906,176.71170387818282,101.62221246128136,27.518365220454147,-46.9459286162944,100.31726842098865
164.58877637570808,160.71931451305002,75.00522070183577,105.0650243247866,-17.587532155984345,104.24095344023605,35.16475192119511,51.97020596656198,141.7352323557989
275.2420346677111,49.376305192934616,0.5372627330708114,105.48748389657231,43.097256437264626,-71.54777179934504,-133.205973769154,5.492824553638694,238.24547144059505
246.35244239994972,165.17509160860124,24.829007303029034,-19.034801912218665,18.839790086651817,-32.57915872882005,-178.2408567603659,34.29875468092964,89.97725460554179
306.4353661633671,98.5955874757315,44.213725167793136,147.2583671273822,155.55969353353018,23.14663409857916,173.59419756162882,-25.502170257994212,238.49234211580116
314.48244548695294,130.3170246188931,35.37188459715963,22.673607143895772,71.99316785601407,89.90256625964929,250.3027626455407,91.91063998244145,93.74060811329429
184.27434657318506,140.57979911574586,54.111502137382935,-0.5851630721528966,31.776679657831394,-179.10794489147167,88.85326216821166,-41.05918711016304,135.18515223259374
158.7657568459026,130.4085184458224,68.47700070509457,113.88854612729776,78.14050791859607,92.98783564690933,113.16710804880526,12.079494605080773,79.76034844514373
232.6807809436325,149.78713079483526,31.3633969489485,25.383295060412884,-179.76877066804545,52.1543212840304,44.115818610477476,-144.89503124620325,132.57667138885068
234.8528913926579,121.27991808068282,57.45406337023494,111.57713053621498,65.29417817948706,-79.89334570079173,-135.6317452713714,50.199321366060346,164.13360954944758
347.4996869111334,142.6956013514955,76.72586704639888,169.65407385679262,150.80750021163234,91.93375484111073,176.99403866583438,-220.90399695984567,138.0858625600435
221.96911432585318,69.62929359849544,48.75434947975739,95.53554806195783,7.508577134004414,132.5660862260368,76.52745151736492,22.648325047203507,204.86351580082783
211.76417202610455,70.19054259130992,8.772471935335862,-24.362893487121095,-140.90884278424087,-124.729814143933,-17.07221389506254,99.2352050030621,180.4426164773693
128.25378919253816,116.89641694115524,67.00938342843897,-174.06314676804604,-9.54885528204243,-120.82365866720028,-44.25194410486637,-20.090405940976087,114.02800367551725
193.15192922027717,146.75080759843487,56.41007567993775,33.183700157441066,-124.39992834526103,-70.71024542602068,-24.184359210556767,47.287865253715985,172.2460904922805
324.3150242186179,124.91296051833189,71.10363953451467,-98.9107904953775,-61.191236430480224,-10.457230155545863,-107.2557123666973,71.31087499933959,290.24163811551074
190.3260672145708,169.69048754853378,38.40640601556343,126.70741281657268,130.92553419187328,19.151507353603453,124.19491775303378,18.48982510763003,98.96871511928971
174.17876583680098,101.50076490129645,27.522973460732302,107.67868143837822,-0.619502864281154,153.30318439588223,67.417380961798,52.3390491584639,140.29084279341924
281.1272027270651,111.62861842074078,49.8153075484835,1.4158671948843393,145.622286151001,-113.59945408073713,-181.34060034223708,-59.496613020238215,184.3608406205639
322.52223552180413,152.69672014675763,77.86789469967245,-6.153180346414384,121.39255776153506,-69.56132991220615,-183.53119276135814,113.9677208139833,198.6939192712715
160.3200983209496,76.27112182218261,60.955854285134016,-19.53624119049618,-63.96490146836813,-40.6738383752939,-65.4848024682663,48.60699975094049,134.76639686130414
284.38524298034434,92.4031918854739,65.60837958269585,-153.46365511980534,95.6660787054219,105.12836741871827,218.30613778584595,-52.38112495154405,149.6473042883789
331.4780787604027,131.7396554271428,32.13590204019856,108.25667047962966,-39.43925625709444,-5.683134859176806,-152.3498829186728,-114.38813520892982,239.60272621822858
299.763940230992,93.84681976422164,62.348603582864435,-61.89438867806118,110.15660965879371,-148.7518403937396,-34.45404507304717,-195.63665278284273,210.74862665082543
326.4517728405953,169.61308236113427,3.551783752847211,137.8251012478334,162.4607811383823,-22.206128610784372,188.01208453088447,185.92197292917106,35.78814410628747
196.4060466987264,42.067430201996146,22.946844374412176,-100.78260462842118,156.79830842615507,-178.55886152059952,-24.554583855595844,-69.06530852709368,181.03071273210682
110.11402642163861,50.5330709961123,11.455739019449727,-98.7197628313043,56.177137822024235,-62.095651807266286,-35.46013926938697,21.447329182342337,100.18152233805475
273.1914608597969,156.74337244210858,49.201950552269864,70.03180486309732,-48.41881264031137,-122.4941516558247,51.89427220985164,-104.32332361993733,215.36748114346216
279.9761402278656,164.84408336596934,25.64672499599249,-80.09599700375453,-17.670503821642615,120.78469347515798,-38.79065724057908,196.16532652336218,119.93438763354617
323.4502640651788,118.80528563775323,53.47548565646188,62.07824599804451,51.38270308479435,-111.68347060412347,-169.8412960915696,-117.90229343974188,225.73002109120094
275.53641565533235,164.37083864046696,8.511094640992622,-30.353972707285525,32.04749552767832,-157.74769401418246,152.720434946,-152.4245661746986,67.31597229044762
298.8596788568863,88.35110667370543,65.77018191232854,12.376239574899822,-80.43407508351501,-169.12441863285463,-60.44809657090583,-93.78836281071199,275.56944700809004
97.54114636683876,83.74792693220563,65.26666842612846,92.1159830973171,-53.98443994572763,-39.839757987006,-35.12980727750711,31.57432330521958,81.85296045828339
208.6534326898798,148.84373605891713,19.765406982457517,-104.33067488963141,-68.6700985189838,-106.8661529397371,103.62914561320717,-42.96207599742526,141.25021939736828
86.95982405033968,37.40396561697086,25.412417664416598,-29.860961977386765,136.6080680123555,-159.3753311799771,-5.538734645848998,-25.838453752241673,82.15935404390218
328.66044573788065,155.97816936826976,17.013976540802453,64.60229998653885,-93.42952052571432,-28.868198019917134,191.69265802100634,-142.77020816991853,150.30554905525776
155.68212160086827,36.5848786846641,16.897679555037207,27.295777825326066,-50.42423683267012,39.8968381677491,-17.487284739479332,5.592199432596031,154.24759234473257
292.2883282471856,74.2981800230735,23.700378830344437,136.1933031217889,-64.06773064882127,25.745688484299446,-56.8604010104929,-62.59004423011584,275.23684018659753
266.14916747138375,30.133016941811015,22.252982711381446,-118.43874603498588,-26.743491451109826,-4.663622383503547,-31.811367165811692,56.75063307036204,257.8115943101479
140.99690976284737,29.436714320746827,14.757726734328473,162.82292671811462,41.448812395831716,-42.6923177749551,-23.680856726158666,26.780671834793697,135.99885878442194
126.05156650006013,103.29075341300044,3.112865661937194,15.31586557710948,90.70218297782745,-27.50927461387692,4.9287875497589795,73.92489950160603,90.61392459665907
38.78053139918034,30.87324859206868,23.952919585321954,-25.190434927612362,138.00429745306843,-92.13739963445147,-4.482785216309168,-2.048784698270998,38.358605964889655
144.16214586190267,130.83006793404846,45.924440462545704,-124.88386471078424,-60.740354368955856,61.233542693485376,-23.85019537940311,6.685497173880734,134.49702131187397
321.4208638950521,134.14897744154845,35.122808978247754,93.01401957547544,177.20899463276967,91.56998474339387,-39.05801072131583,-227.07003668261322,180.40021827101842
296.84363374516374,152.9305930750072,68.17433560059605,108.6486539961206,156.48596203226768,-8.925343730534673,153.46668903089366,102.58588627186757,195.00263454387468
314.59273825741843,112.30836719021173,51.062961913003484,-24.710542966257364,115.10163761210386,107.76764702056997,216.14454288762485,-147.80118289571885,129.84109851138183
277.4376144181142,100.11273810655548,76.95088810948725,92.49101915309504,157.06025740967965,146.4848704999912,64.9012078690617,-203.65354385836787,153.77141743948337
156.61618164673638,117.76536413484584,45.882068936675864,170.98657287255762,-88.19371342676634,80.90503864246516,-31.02805235712318,-9.428088261198841,145.59290692893256
161.14468560599363,110.58086859936839,63.66360038442501,-111.97426168091278,128.33856032457302,3.872335229465334,64.5350767495548,52.33010775568048,127.71744402718
180.48907266476238,123.93387122575113,7.210958563061336,135.50211027031654,-68.5541570292089,-107.90250116754848,107.21889737402448,-35.60546985864706,115.51750851974106
207.3435614047885,90.27634982599824,6.788675484394747,90.47237205713144,-12.743068610506905,-56.226251187226424,-84.51714333439413,-98.8763567995638,148.06336900741624
329.2487003452127,62.39506292296874,20.932393250635528,-120.57170324838755,175.74351284057406,-62.30899613079908,-60.27982875116214,127.81579421517273,293.6332309158623
65.2551296789285,47.590039463024326,7.071218833399798,104.41071689900971,4.5190485147979675,-58.68481720795167,-17.070958746568568,-5.850544020498763,61.68654224520029
336.57778688468306,126.7723351286652,52.963968370525,166.05378602941667,65.0461592395459,114.41373380790067,281.7947685220511,38.50682587231521,115.15850702975527
280.7752377611095,115.76990849021757,63.39400802681429,-151.82675723391472,92.8875899341105,166.25988258925233,128.4548755098899,-180.5311710038609,135.0310907806627
336.14387284263455,143.25376504025627,6.797980250059075,-98.57199967125764,8.932027539313353,154.02896116667586,204.76044815904055,190.74162128962828,95.64375056064537
179.91720257407624,88.7344064236916,76.81808036183743,71.33207081430838,-100.23894022106509,-63.082573691586916,-105.70994651241203,29.876840204630433,135.39180105179227
208.9282551699044,27.675915944072077,1.863284800375462,55.11242386950579,53.6082591945013,100.209769480158,46.65168995970947,37.76232699845837,199.69212431834148
74.9826679050402,70.62988595729482,33.22251309910332,-105.61326262114072,-67.5403876072666,-115.8455316670324,-13.097353539063905,-6.0485204140931135,72.9014458809921
242.5254316172767,28.123915283613616,1.6115577197281805,46.650749930134495,156.84611018329528,107.34058490303134,-8.565579394581679,-69.1525145766133,231.8446484110275
224.69557946058404,62.55719180517297,45.420489347295295,-157.82577807089493,-24.881436932093,-39.50689357900964,-80.88624201141825,64.36008580627684,197.17071476241725
262.7294914817446,72.21843950759255,34.22510474903533,122.7400082275606,96.66611733563192,45.990754484716916,155.91233763732095,69.31465412739854,191.16430231659405
266.05265167561356,47.01317401609788,43.067583946641065,16.19385824825907,-82.53322176100073,-61.97686601276101,-112.58015548881114,42.082358802162,235.66620600588277
236.93204906665144,134.25752028773496,74.84854291757931,43.531826295026775,-31.052763005163484,-10.73438164691417,-104.35189940943708,91.99694094165605,176.5435666762975
267.5573543296183,87.78432285677911,23.224740536613634,-165.62090696887108,106.20986662661575,-78.12736528992738,-150.66906787769807,59.89186642488224,200.79244864929746
273.15167111764066,128.77221032846137,54.604783474599984,38.926409852089044,165.27666170503255,3.003898570340704,152.68806701150012,31.19214131135517,201.53701023227796
187.46459899868034,137.18279312785813,58.585529241228116,-78.00989789274277,-27.353844663491568,-80.02874503324468,-80.65261428288039,-30.65786783285334,152.07886053602095
244.75956295070827,84.33218371327867,29.33944791439678,-100.83958461537782,109.54507171560745,-22.486911562258346,54.86440868461553,133.9915129338158,187.2395409113599
199.33410617532658,65.74328892022271,56.49952893465975,-169.8409684161618,63.32759705360332,-56.26437228105495,-41.338744737530185,71.18050367546324,178.99188857344313
243.75501429335185,106.42727578428847,75.9402251284663,-87.34047274993871,43.24054642104251,-11.86475395203555,-18.88006579972686,180.53848548273564,138.80670609433525
90.7756973940071,58.23800791713712,29.65026092045063,-136.84351177559762,179.65440630199913,-31.56813833139551,-1.5927355878122025,19.038128194611538,87.67424377900815
165.7612837378854,162.00516110108933,0.15437662986715675,-29.308994800367877,78.29193094943614,149.25572797383418,104.35923129173578,-48.884756032063756,83.36138686790781
343.8509152380869,109.40628604572386,57.03090331456808,-165.84502210802265,175.2811929136829,125.78095861503802,-3.894649426596869,-233.1274881537328,233.88248535097148
134.493241939882,98.69245328427006,74.31440137010874,58.79350057417203,5.709397675003198,8.340465867976596,-2.3604430160196817,83.15175194870159,95.35551754022552
200.85647591930535,133.5161925294825,73.9695342786574,-35.97603968956463,-131.94149936693356,-110.76694550075185,-101.59368363467318,-7.070670857913689,163.32477030052362
288.0013256491924,139.92510797046702,11.46800561676308,10.924206339906664,-45.22757989407453,60.65794451676617,-212.8400075631725,-45.83433034651375,129.51351149223106
262.81572595247917,157.53333899291826,65.03242781566088,115.15864385509232,4.070143228570209,-9.169167892359292,-145.68284440335665,116.30961965893712,135.8370520769976
203.9121693041784,108.16769260471744,69.23454844976803,-70.23191569743018,6.7326221860620095,16.14601212820586,-18.88107290031912,137.5942361871264,132.99841471534805
157.02159448728636,103.27588043996239,52.83689162483656,132.06314246899532,-55.43968779431483,152.2596311424629,24.342830818368522,4.143197811843986,151.1700496927895
235.31578279121283,102.50765485155824,16.588266642116462,118.31322525371831,-130.0135007697013,147.57738225028606,-105.78606118079801,74.01485601604058,180.4544493324533
235.98378180169254,117.2348459522871,42.51425377376562,-167.0310335389441,-1.04736174962468,-85.12212143628341,-118.31780376961652,-68.6104315921785,173.2989774659953
234.4538494870207,119.96717061957777,27.415054430226515,-146.44144343971425,-153.7051410857668,-113.16322957774668,-67.60906776279269,110.68348279227845,173.2839719650929
152.17615322641626,109.39269407855203,15.270811725777893,137.4189923789174,-104.48616217917127,-147.19267964650226,29.4811276412144,56.125248767250014,125.97060515977321
206.11135484859273,99.5748133801884,70.05968130877176,165.24949824447924,159.97291889679857,77.3700801353704,107.74198055995812,-63.03719686296887,153.2951821178133
347.3034579113261,103.110597757204,5.515116138604377,160.889842232633,-141.83910269282057,-37.45177088746728,226.3339351286851,132.67343730349256,199.83160587350824
256.6149973953346,44.02199906966832,25.242939672227145,-81.41458883031477,-55.848310874892796,-147.47080438748952,-3.3866693197383073,-32.58098737798611,254.13914451071784
185.54755279133386,60.42494432793874,39.83740470229325,-128.39680004281146,163.38596038205247,-127.80628804902865,-64.96788550722916,-51.29698922421686,163.3974704715722
88.62280720213693,67.01344338014083,41.750972308050656,-107.16889721684466,-160.281321339443,-129.81694207644404,-26.851994371460247,-17.72005264759327,80.95187770261494
144.24488701272034,124.55452052675783,39.47873262105736,-21.233295394463344,29.2489282272067,-95.67875656401786,-69.02902071449115,-20.262905208583064,111.85337063439836
108.1158125142071,39.83994443824016,29.766272921282035,-11.968946669181593,176.55918441311601,178.65542265808804,-7.107453234680561,-35.87376810627391,100.93745654638528
135.92470699535235,117.13725240033257,78.36973448994304,-63.51356259023993,-94.42282486644818,-174.91443303245237,-30.087077927848775,-49.617984312564566,119.65003593242807
172.506942207603,81.20858945114745,7.618688823070032,-115.0726602115861,77.79598943714895,-51.43838547721732,-55.76929987784969,87.14974207216534,128.81774800890398
231.22545528015232,92.69308996067484,68.14942845972355,-113.70988182629432,-1.6917781010968813,-125.11205676778096,-85.99952536469294,-48.523997562956744,204.79328653045837
172.63905407545494,109.09048716122149,12.926289949721754,-117.94779843687098,154.71657004862632,-164.5188297335816,-96.2733396038739,-58.623293160279566,111.52596234583106
172.86543051351745,113.62868008960876,45.21184901567098,-17.002171759385586,-148.41439809025124,79.65725253259882,-15.930186515107625,-54.9336923882623,154.07376820892677
142.53249039231045,47.18144441575049,17.735771870145854,144.85317129473114,106.72799338207534,160.88122480815272,27.83786627148692,-54.69564760546069,126.75899519880186
235.75119211237995,130.2776554726395,52.156987682646836,145.86707641211117,3.9157737373184442,-52.17837451379112,-149.91442086774876,18.06004214394931,154.91374319659275
145.1038443807053,116.09498799133135,51.23000079341322,-38.61885099152536,-67.20285200598721,124.86015900400743,2.230739555046556,21.68634702026906,138.0656793367652
235.73034218589768,145.07258730425602,30.307404557848702,91.2602028404196,-131.29850573597162,152.87407907704645,-104.61478665925517,63.67208235403321,168.63411764428457
139.60636194436614,72.62260369655127,38.44479126391346,-84.5721761130101,-47.97929774953164,78.30703176322203,-8.855083060724938,20.906286947677962,136.16206098438937
254.3972939995446,138.8790081962867,75.96824343206349,-18.50478911383152,118.15000813354193,125.87659288058515,144.2344708026988,-149.67341124024293,72.16298685945183
236.99146719352717,163.17341203190372,23.44301395462549,108.02810490895,168.055156109604,73.31691630802003,21.976624081788284,-167.45767385775324,99.86349564781908
134.09340919620993,104.99207242300459,12.924058116095498,104.09113435281347,-78.72653740540214,70.27733630160668,-52.913996039734634,-33.37888249914804,107.9471832094885
192.38591485366922,90.40003286348336,72.80717393041591,52.962763706483855,-28.922906588579593,-117.06518101510252,-93.58066202971973,-20.026188096919103,162.50649036430238
251.95454607978374,70.50177641440123,2.32572913350376,26.634314934895905,-123.75315368616873,-17.750360207740812,147.8461921601765,-20.697978484793765,195.65168444983615
273.6727119534472,68.06730420911778,29.557683694500227,-68.52526919021363,14.45110283989051,152.36047269706197,106.50352588331245,40.61607245367188,244.84581509663593
138.15915931690108,121.41632243159789,43.142078580286594,-115.87170825297494,-143.65756825267914,95.33266140810244,-16.951719549706347,-33.193639625025334,125.72879392592736
143.96748075078926,86.10213349803533,66.87368647334739,-63.645375782598165,32.78794210338076,43.84662976800702,48.53843915414382,76.768293365779,101.61679882640233
215.41717669206434,159.0915085537934,54.94031668331661,57.153236114439245,21.500224479969177,-69.89859345147585,-140.7633368391424,5.8316701526453105,121.23066007327053
272.78573206877644,81.89394711419494,72.59321492749388,82.0345366881367,149.51754996838616,6.689013246487283,73.96678280614402,77.32524636952004,248.1305748441058
303.0500530096506,145.14810975937957,25.72978705753967,0.11362119100933209,96.42865522817198,-83.56478325218612,-231.1902003317647,51.33827513168117,119.41677903123653
215.94249124869145,153.43920386159266,47.16050643227744,-5.922006324932445,162.3761475022402,107.35626310982519,15.707182552785783,-145.84601484307836,115.05356447046988
349.1581757154555,109.11678793962119,70.96312162644422,-125.07638231382734,6.757409957871232,-7.461582373350222,-119.65007487112916,235.0887872576414,205.9191451262925
298.9976835149084,160.30202229483484,63.87457526401076,45.65384500690901,-26.12549129453866,3.7173301472642972,-161.09813826862697,56.81875466747827,209.31207759714178
197.62230049924528,43.37677198214074,40.744025057985745,128.14948806268495,75.33864401120934,106.45510396500174,90.76943904863175,-8.444200309186067,173.367343881697
112.85529723691073,104.63976073638231,31.238799181481678,-42.120740819036314,-9.210223838648162,-88.1247961443306,-35.33470174132621,-21.10997114774804,99.41393701748478
219.02121679532326,118.14313479396684,2.499278319251985,-30.35585047959569,-90.0047685497368,13.618943639286156,43.81143138073174,-154.968008761528,116.13241617394961
244.80292969881393,99.01007146914505,35.04214250165852,-177.72312699369527,146.7705252738321,-154.40853709977074,-114.42869247022477,-120.64762178924788,162.03758284306952
213.72870760133273,63.84660366657366,36.07397978527956,-79.11716083303038,129.60233930253742,-37.31045977352871,1.2121728215015333,76.13570102016347,197.18855395004698
85.91836250692472,80.69213352080673,51.10044446147499,-34.504367179220615,13.135136240984453,-14.5630255457699,-9.946668322549236,36.94448939195038,73.75764101934708
349.10245642467964,142.72465360735475,76.96114910550881,-73.7783674869701,104.05918065857276,20.00104831678099,235.27235236226954,173.64074974308636,108.47579583696533
287.1251144902869,168.28740016413278,48.94082835587996,143.57408124129043,81.27008449892894,-134.14099617909,-42.922295707741796,-210.94526194382547,104.6106694691176
330.60800273716296,111.18820242189015,55.95389682578501,110.46040098856385,-142.51151246139892,-131.79036828471897,-156.1920848194053,6.647622511229769,281.43858906258714
107.94301678691299,86.67368726143334,5.568880143888446,80.52420116688987,18.849089322155773,120.91860631913126,22.429081543821614,48.446446160633634,87.47678477067348
128.50268993684946,99.01732399023427,22.3836630937053,138.45960095410098,-116.99821357565821,-143.1495895138542,-3.7022604317285777,30.685086852875237,118.30635366535982
162.43381421703756,140.23794101989074,16.404047881854662,41.193898141739744,88.62526822144524,90.3892177738336,114.38300759207898,2.709660823968492,84.05033927085142
170.72095026056206,24.743965711405572,15.204870928650491,-107.10527571196342,71.7374912450177,-51.59059212404844,-16.664712170357983,29.17477252924658,167.17906663479536
220.76723003266585,51.161161754970735,35.94831528265057,-113.21129173251337,64.43483792937734,-154.37922388275825,15.998516610211917,-68.40997969086924,208.02941613695907
178.98071017796036,140.9990596082885,78.07156738250586,-174.92592763373193,-59.59335880612126,-124.98722494120534,-64.47748208478524,-40.45128064186188,154.70260712989335
270.8754248784816,150.59096678993706,17.472906649563676,-116.47524490959617,20.397384247481565,-87.91896476700244,-173.1155934051007,-116.28762776984419,100.05158002671575
278.0221870395069,81.10658737368364,78.09606914864715,98.27892942891383,-155.8214049752279,-118.12702887671344,-154.25870996121114,-124.28664985928089,181.9731979961383
258.15923313092895,151.63983876078916,30.744532728316607,55.91046600262458,101.88462076446335,118.12420380150719,175.76677408588037,-112.52332024330178,61.754886334864686
280.9709843744027,105.21117242819913,38.10276344669448,-85.1967508551745,127.61630509158877,-172.51674318869703,-47.71928838454055,-206.769743544913,157.7048204542706
210.9021555367394,139.16320449807256,15.661728176777974,-126.06018023076984,-112.7682879438948,11.072304696985036,92.88369885104127,-94.71156456696613,128.08704943736024
83.30709053443717,74.92247757104651,67.69452234759902,-12.539471098736472,164.22746941930848,-79.5564707709145,-24.18927752406102,-7.854067840988476,77.96664887131045
213.45474687708116,159.52443253210382,76.73364312536387,114.10130313221282,66.91222892477477,4.256060005712583,36.438869767323695,156.11355380806222,77.40195795163513
307.5559602537268,144.8776175366113,33.833291443429985,92.4970809393213,179.3721424375065,-7.7355140611018,202.95847828636872,79.27813263094814,164.43690449363908
196.65581249462724,155.49887163745927,64.55383822559327,-164.85608086089803,-34.29057521211132,128.42520639723935,20.1274228751911,61.82106371645432,168.7784144434025
127.58639435268424,125.93997009419353,23.12826249556082,-52.06880436471442,41.586010112934424,-133.2874115739587,-10.531204565621385,-60.60287458195107,100.56121579146166
326.28344410983874,87.08582283594272,71.72855297179471,-102.09984887412911,177.9403226097027,37.70953678641271,127.37433203554363,9.80352602763493,297.25403828339444
42.32289451206792,17.40425730033088,6.747591555064902,32.36138902474267,111.44851283785869,-34.933412962617936,0.5840419163123446,5.00261689138193,41.959587501738135
240.16875517268767,114.79487091792613,35.58686074254894,67.70222391645726,-10.157140741310439,76.98984662306431,-55.57500311407882,122.3359738826956,180.4068361764458
114.30179639734101,111.38702849277281,79.78485940373074,-134.7749836014043,19.265106595303372,-56.06719662792526,-36.71857072906923,46.012248401426746,91.17945667146547
246.72353602385016,134.68137055951897,75.19860749639939,107.29422045792674,-86.90764642232575,115.10587450164948,-10.428127095451963,17.29404287341067,238.37930147140207
334.04409717451597,105.43828816120728,0.24488838912743557,103.62958273219323,127.30830917304938,-37.09630973825982,70.89251718969358,259.5370912599916,164.68846128100063
263.50748740397023,123.25914585810544,65.9391156880101,-158.79047783911074,-107.44138901721882,18.347189584878926,30.201269725879865,6.897884752453065,254.98005138886433
314.3746520675181,127.26221322201411,4.704084625879812,151.33045006612977,-143.36335469526986,158.29928928820803,-213.02908482766412,136.26346056210153,131.51959327517594
307.4164657920138,83.43470252305191,5.409600610343599,-154.68799011679607,-173.43681372396588,-171.01882126560574,-201.82159809457144,37.67496218269883,215.71606314903434
171.71358781802348,145.67744478148006,40.90161915488268,-135.14030853136538,24.67686781792499,-95.65358370770747,-89.75014366158942,-38.03842419645215,117.24232168011697
306.5711608234279,164.38017049553363,58.41709881158991,135.78313189640994,7.050980725801312,119.63494951831198,91.73404582574224,189.2841437632174,163.87752294848818
238.27122402100812,25.2513123444206,14.63225471893459,-161.2970986470999,141.29331089028497,68.9594929586707,51.73200239408407,-22.202572706024508,231.25935385297305
224.43052334034385,105.62614145895175,76.17605803271296,87.00853141624283,-92.5995652341046,15.065575240200086,-16.6574922046682,70.68075346840378,210.47890140592807
303.4123009375716,167.51547116843773,52.75738200043825,-137.47289389953337,-8.879957502008295,31.95748187624595,-163.43234982264795,122.77145550292036,163.02021477795435
156.75115319211835,80.09718344510851,11.72985142914822,-137.22208478567066,4.335096046843621,-120.37209083555564,-16.421458350573765,-78.9220782360431,126.98397344809212
272.0743551721714,68.07448023909032,47.24299268685787,-109.71301570931865,142.66263627941385,-170.56463164242882,-23.58415907668886,-160.35878271721538,212.4782378322649
142.94826903181286,82.81009305447868,41.75979096365888,-10.222999500546708,123.12703307673385,149.49979398959354,38.07995277703631,-77.98005141520133,104.71727408243056
265.1296163736091,46.73937198731386,24.25988945182766,29.519541164155786,-107.63418647607844,93.70648371147716,-31.37444648763324,-5.752715029563506,262.5616721957627
206.15001408238933,125.46628631439019,41.51443481937129,-21.924877931144646,-115.07684458502081,92.34571235232275,-74.73472667584147,-12.702351465427977,176.4587155514266
306.591112639653,135.09616136041262,12.56090593214335,88.7763470598438,-173.00779629885346,-81.67204346159753,-64.21614563153202,231.36303982938657,131.23247098818555
331.1299828074053,116.39629100035418,37.4670194233451,-44.781850033667176,135.00839475862347,-121.16545627073883,-225.042367358819,-109.21634144993483,182.79872867577163
269.40879898454364,37.0374776030613,29.702439000690156,-125.76500732415134,-87.47279436655519,99.08397078955734,12.410142625375876,-2.6126235311490924,269.07694291919125
45.23771611199947,44.55498396208272,42.7773373938168,3.8378274263629426,-70.21601505028987,-115.08787944173622,-11.863363409657175,-2.1628116201208663,43.02949451650571
238.5536135631154,76.7083364733258,49.08751501728888,-43.46425778894176,-112.7713616388757,-130.28229436725047,-79.21494207636873,-28.676736450936822,221.57925548052106
124.07233440234472,23.455022524669385,18.948848250183044,144.7036884654459,119.29036531789018,-46.07864758092279,-5.367445453048285,13.56039432732154,123.13909991743125
309.98993138755816,116.38156181992142,46.066689486544306,-94.93556345389237,-73.30050403451555,-71.35724385157985,-8.891453086827608,-47.21344588437422,296.1769326253354
314.0746188914668,55.73763276058467,3.2695991817339465,148.31555312573317,-140.53127552332188,-15.098925017364694,155.41312721433852,21.5821935063079,268.4183002949633
238.13202937240143,98.76964818385599,30.507912127011128,-172.70684639361141,123.20720925161788,170.51906634240186,6.433319610192669,-172.9917994702425,142.88825525282095
246.16777131466336,130.02585184575258,52.27238496029138,-59.66157178282258,-126.36798329537241,30.262803370578236,62.885904948763006,-63.872492225705,213.42186067614355
228.8526454643097,140.79640458123367,3.5953122807365645,-30.68847930168906,-62.218490948673924,168.96739993149112,127.48713878203705,117.25704247955338,95.61895528871227
89.31069060172884,37.598381627417815,13.993356221657507,57.06989382627504,177.08231474265543,-95.22893865536831,-18.969337548201896,8.115192827269453,86.31051499226288
261.8442123786147,99.62860658038795,72.44939176539903,-165.42037730398764,-1.5645691525719663,55.645187860433445,55.37184329920836,162.25061876848554,186.10496327184876
302.5164872071003,73.13313195687795,42.90558217781029,169.2491440457665,-14.689405550856486,48.930935468131324,-19.716773824040196,131.26995413153557,268.2954319880547
314.6237332738021,89.01610915928883,63.233061467645804,-79.12767408840088,99.29908926548596,-139.64427632648807,-41.98179254926185,-179.59982360284098,245.71929130729825
231.93136528918419,101.47521355291065,23.07093627313358,126.15522641509185,178.6058127498986,-141.40409549034936,-142.25367193821725,13.693021963451509,165.89674134495414
206.56651478801396,74.73891351800461,21.711050626002965,-2.192492464416338,128.23022273342997,97.40134900263591,91.73405020122296,-88.06439767061507,154.65285894536274
246.1831484518421,78.17559532748838,1.5081263230362651,-14.25758864651157,-132.96770783074714,-36.90932987136666,150.14737000033455,50.770549902272336,178.1961713436221
279.0030547883474,58.66221614339987,32.93245561037889,-64.29575514870835,32.03542460470184,5.662865145156317,-21.419768383018145,145.5731741347589,233.29891997861412
112.95195232260977,82.37196833117784,70.1941663373111,-71.88491911571433,-24.762611474699384,-72.52479044922977,-51.24880630432242,28.00677756913592,91.91155007659589
110.00547981526847,87.77546206309677,61.054966591619504,-31.03206844170688,98.41654372985424,126.20229969122687,55.72176930547268,-30.0227172302465,81.69729880212007
286.7787964357253,120.77845748215827,58.66758786906806,65.30023270939009,-95.6280123017781,18.273201193149745,16.412347181200328,-16.049419245720195,277.8732138446644
262.11235157135303,96.00916780077141,61.648746611074564,-6.667046093232543,1.137186340207199,-147.58018639842248,-23.428919649133885,-97.87685324998586,236.9129624633357
181.99984564605253,154.32532421585827,53.29737322443039,-48.20196160207823,-162.47971625729937,-169.33252104849922,-84.91823822617614,-40.15472545176547,134.30378097825772
204.34302817766192,123.99337446095812,79.17267973373951,-81.0442524149932,172.80455218018525,-89.18971721219387,-117.82014267508532,-5.32022540718197,153.08542446635465
108.16135130373183,89.82149734723451,58.056671659019464,65.97958122645886,-179.41289485324864,63.26946416180501,32.48822565205886,-14.421997438373463,99.72561203005306
299.78787267355824,131.92328416190296,20.03012791918585,80.67860597431365,-171.18596107166027,73.34518307175664,-63.971058522653294,-211.0041737148526,156.36338653839599
169.4590111271315,101.23920621347226,79.21164912446106,112.86955784899422,-122.25715017981099,57.81012318163856,27.822749726603185,5.048090315680532,166.21668239678345
222.5878507093715,64.47484031901753,60.40211020004627,27.315813072917845,-70.7605569389541,135.4840809831062,21.430651914256106,-46.65590923758681,216.06571162265294
307.65617772617344,70.19127122057907,13.01997754398851,-111.3686076218427,115.694689077963,-151.53509614753594,-72.95384792113002,-174.43372933908785,235.12592156103696
253.047762227589,48.99622201343955,39.13832537519921,104.61653606001609,125.94907736884902,173.25441026783596,33.791087336954234,-118.59029394881365,218.48302671203038
247.76908871602208,143.15604733498608,53.76125778396695,148.58528442520543,51.753017591806525,138.07850625048363,186.42393058612066,12.562369291495393,110.4570188350551
280.81336699723965,93.92495109141602,18.83616136111047,-107.02016835743403,-103.91767442568782,172.09538654602946,-0.7222812927202159,132.53312690298603,235.4545240432625
155.69395207232373,59.35594548939375,34.768828858976484,-36.94458662426678,44.31069268927961,152.2852772571909,61.14042972561387,-13.245746937456941,140.1527607556746
286.46733202235123,138.27923284606064,78.92720607376728,-64.14149890922795,128.57709436154965,-101.59259932068665,-182.49010609597,-69.31269564265105,178.00963280440234
324.95819333814075,165.6811219276879,8.510451944877406,-70.68775156627198,63.06145789717772,-11.87339133124817,-68.44657301703089,256.96300247877804,37.725037659499556
105.65878601976436,67.18868541754722,25.85025649163767,17.754509619302123,-19.225191557697194,4.387111307979956,-26.700977057649705,18.226197493976997,98.3646963417089
281.55693007893393,160.62146459591082,17.22857339835236,143.85623665800125,-140.66238022820804,44.22634770822294,10.352522351657585,-209.4899320687734,106.70275083844736
150.1742609957276,101.72511266412494,67.95694549153289,-84.59232990997691,-81.74385837007236,-19.00837262752734,-41.676783947261995,45.525098415313394,134.2680750435562
249.86805796772708,65.11964265626351,26.077088222346525,-160.9083461981216,-57.46903986969721,68.31070773857094,-57.90623317839876,2.6294153440808303,240.54921215230812
109.01514198499898,48.51770778432924,14.067979942480475,-179.66660157669423,-9.443609340633824,-165.97483581019566,23.114121987361575,-18.30718639437525,103.64190795037295
335.2484872430593,169.23005036573446,21.835184941992008,-102.57270906371969,-68.39912451098422,-13.066350383321463,28.69165476073178,-234.66936332576455,149.96891818499662
175.05753295966142,149.78168528289396,67.55308373273948,-135.19841459459323,-29.97638859814392,133.23434026095794,30.942128537433856,38.82110164174808,156.61200370116737
235.58921611613673,81.24252994045986,70.56679992764019,-123.95692903495936,67.00655160100179,149.91596925440632,124.0863186290962,-75.93876252542334,176.53016487599126
222.71721445083776,47.48293552260717,36.38154339804749,-32.93399875109231,111.92355084022569,-57.47599298650041,-32.887803659947366,42.552730325832485,215.43914529557244
137.15868249903355,97.36406770309019,69.99177603780714,-69.66706416531123,-167.43031494381125,-78.75145192527313,-63.24604100583627,-0.8742163268496252,117.15626280906913
100.72333396592693,69.48363681346592,52.80941071056246,-132.34129514843386,-152.0813972658721,134.86874826345823,7.836335975443164,-36.8482530922109,91.72003786767955
285.2020769287199,79.92787806224996,75.52920923972225,85.37462881819118,178.88739285961452,-54.76656178041546,-123.73201347200703,20.690391352794713,252.93812990597752
312.6401224659628,89.5159583156744,22.8407193352333,82.29371131364358,-10.215426971699012,-91.95737641708565,-90.55310874997906,-151.65901762100765,246.0301571854394
232.22870901426683,153.73046811636806,58.16125930146969,60.690760495554315,-35.92367237642467,-7.742362269065466,-104.01008868701503,16.463446794184268,183.5228974616058
345.3053031051437,141.29129623783885,41.992830396393096,-20.02818145023635,-56.76659775086188,-45.50723766993914,-30.125259879331917,-144.07877193409888,283.86294789775326
83.25192899761053,58.010162877598916,10.71112555001453,-25.95806525547102,-119.7513830480224,-55.29357144921288,15.907029954767573,9.021424158183267,79.55095697052276
248.96875853300887,89.68090363406627,63.4862199513285,144.42531092950063,24.09450733063687,-110.23465940193144,-108.03793107118241,-29.220468648329927,217.23911777392757
232.40614959872474,111.66091317092369,27.581295517276345,-126.49685894031464,-19.15331591139518,15.50401016768942,-127.5759396968737,19.201098892381218,174.9868482061565
129.07396077117673,112.40421699852705,21.386617156605798,-58.82146791641395,109.5396597999268,-86.65747167306405,-65.80444374540207,5.3979840912831385,99.67562542641626
177.9311172883005,98.26796008692963,48.41414800024626,149.8074076476097,-56.425781491061926,-94.7966754646734,-43.52981445868164,-25.568913898050184,166.62595971039747
284.86172565435584,145.2915910205605,72.74410525122164,-162.16742085592472,-132.7662141423207,49.802386971478626,28.536112860038216,-90.29617739636461,252.31523388960863
284.0358755474893,51.33260421057085,16.75462692210082,-77.06701841870066,-154.22857122531025,-166.88449896845,-86.93849664961539,12.012033156965362,268.3312986123784
319.6451317324371,118.48627311162655,35.45423897962302,-140.11041778824986,-109.19778253621334,10.728219926689597,105.35669977486077,-97.85081585677261,266.56142728482314
330.81145469666376,97.10436200361896,29.128668979358007,16.160995391287386,-30.55658017965266,176.19836641190813,172.73162532515659,2.6157303064442035,269.01532529649796
254.72445561114736,158.8134675784307,5.217253591962905,1.3522815961697265,151.90716031315532,2.6366326535050266,198.69905688923694,3.6498235739454667,71.6514369185271
255.09604655000894,71.83875343251512,35.07256724241191,25.072232752714164,-102.83564269879808,75.38864942207691,-39.564415976333656,-30.727019383304434,247.64338626928946
99.7066966973311,98.60030627868706,51.52694858693124,-19.230785936572424,-177.8190778331094,-153.00054385234566,-26.26810491703057,-37.469273471277056,84.46209179763277
129.4786095287284,45.55313144274962,34.44879219846673,55.97689268122862,-68.89847666060915,179.15349388374375,-6.572214516965213,-19.903361278056483,127.59723851600654
342.7251046789738,129.9011940093536,73.3041627131985,132.48622599570794,-65.19653321742467,89.85464855471137,-51.1074210079096,45.268325304174446,327.0119336607407
232.86068231282633,119.82681345348685,10.946542720315788,-173.9426618689831,-81.27726393946652,163.93759826552946,62.58112815194623,141.88774824379723,144.1747910203541
107.50174210132909,51.52905380082134,25.266518807078455,-7.483224728898353,123.35372664139258,92.88063544800474,41.3452950970262,-21.119273475966942,94.85565632349565
76.3514205070807,63.1371101427821,34.94816060302195,-13.453084986216828,113.319125466549,82.68551769395295,31.723306762044267,-5.055867924948547,66.83260587893166
217.15027392502367,114.34783817573141,32.688061410180026,28.44579952446401,6.301887981677701,65.14797604505723,-33.23477821758409,130.56051931475716,149.64180387986707
242.6500729212749,162.3160554035998,40.616707482649915,-174.27013090570406,-94.90552725276557,0.2184689183961419,55.550190258696894,-77.69107643542876,188.89282998918938
282.4238826525452,113.26286885305844,43.24574815109296,-81.12666865768995,59.36532445493179,73.4516183229166,173.40341174703275,148.34557369268654,126.91475503489735
134.91019613017534,88.03885428232172,32.9024602096661,-30.96454454806545,103.25386501452446,147.2302819979582,52.73466653772975,-62.500724141768075,97.59497187009138
265.5415505471815,84.165198883308,47.48905530543723,86.4526351305614,-60.40339963896155,117.55723013623683,-4.686200638208629,46.64609377488448,258.57481042843193
49.758163561945075,7.660398229702379,5.895666571067206,-123.8369947820965,136.41445186117966,-27.006587200338895,0.2562172278989612,1.9461116750525074,49.716695822581784
189.9354144646539,85.49999726573829,21.994535357630536,-71.47379952431389,-130.3561503316925,56.12956631059703,-22.210471777857027,-77.81121235614773,164.2236939874089
177.78526241456134,134.2763976360797,10.928352222372428,83.2936705679922,110.0109980503681,-134.88263648119775,-68.07599324233496,-103.52431385758949,94.85697027980925
248.93323034783452,161.77731891130486,6.939661463040325,46.88477819027581,-171.6262415561636,-79.66433499971764,-33.47058088100259,186.55227052645586,77.80011924582689
208.118300304445,155.25751307978317,40.431812364750904,99.06887514913905,58.396654173132646,-138.50252358993183,4.005789899523572,-133.6715889289761,118.62715349430992
187.39880362224784,58.32422779463053,23.470013823359725,48.72032749713033,-23.96888801693761,-91.96683272934985,-36.27669999423659,-42.13493881805493,176.96751082978656
240.64040758341673,122.49270552298623,55.67030145826204,19.591055080552206,-100.11576733422352,64.95518199328423,-32.549064243536364,-51.01197362081781,222.43512954108553
121.7223868629182,81.5220542134855,31.00004284310146,34.861440438160706,36.959187796742356,-57.49176828004979,-49.03865865688394,28.021477914445278,102.42844104002579
175.6940352255888,154.35848554783544,68.78800454924271,70.21381961157056,-38.21948777339198,179.89734638264142,32.32480090219962,-33.45601917519377,158.40583688859246
188.56845721262985,60.64103930189368,18.00189037477219,-83.26254647496127,69.11761189914512,-6.8730796146670015,3.7859005155013956,98.19955746407524,156.8082877170355
321.6193178660515,94.80611344338189,17.670306787963217,105.26243286601901,-0.42158720634442926,-76.14266286889882,-157.36140521570255,-139.5193163080148,226.30453564770463
292.34503720183295,151.0752710633836,14.390917176202223,25.97878913308504,136.5964725433206,-136.1914965453278,-208.37981010010114,-111.55889079856662,80.70990477230433
112.2111134152602,79.60792948107378,54.599142880165466,-12.380936397504065,-40.53854528483267,158.82249935706676,10.365654718289694,-12.653849252263827,110.22168712137267
298.0902807963897,143.3308146162098,25.918363740145313,60.45259322107306,151.34417026562144,-33.147146022716846,78.52338007880101,211.11373386168307,134.5680571229361
135.27607958514938,53.517431013254374,31.173694878629256,136.71952418191347,-9.222432151907523,-57.11280401134423,-43.359357411233134,14.23766329591436,126.01794594985996
276.71485955989095,91.34774644292331,17.28896440657369,-76.79087083545286,92.7779474925555,46.723598900970636,184.81126783592367,89.44621154173967,166.87966101085954
254.01237015347243,89.85107948930246,63.005005003176336,-124.65529938401691,-49.033086420730776,80.76963414340847,17.434806381005355,59.78396229434872,244.5575690628833
310.75759684151024,72.97653966674734,50.53347084639487,-160.79364635573452,34.27764786599383,174.17538008337826,108.47762373280537,-67.14765574722203,280.04600513975606
266.8460099743715,144.58971906359523,42.520378547419895,101.91179337227732,56.0138887279034,68.80752523351033,136.800429738281,167.62218325087008,78.58434081878846
182.96115756224964,130.81484129662675,18.224892086910724,173.03049905133173,-97.99661125396631,-94.79375870484374,81.2221298820754,24.14564855354518,140.43554281791464
185.95001785117182,93.30981190638235,68.69384963870912,77.27045802444971,-122.85051112988523,-122.7341682620992,-94.14343744989937,-41.83994501246577,149.87071250909588
136.63789635301478,70.85520454938734,38.90867386132951,-176.67398828933543,-46.63814716873873,-65.42980033737483,-40.68212648033094,0.9858477607157029,128.82438545359787
259.11058666362504,106.55370329208233,2.4924648661336324,-154.5118301614828,-65.8650373525969,134.2099915183432,-9.763337720077907,194.49425884613024,143.09549716287285
214.8965251362996,97.42201916008995,46.573365459566276,-105.01920200311014,112.27734025485407,149.04169396234835,83.72387714179844,-132.78195822096538,126.66267365342357
173.96833729647346,94.6076501007093,72.8531233800035,-122.17580106856676,-69.40759189236726,-60.190066035863886,-92.56062943176904,37.823781397969675,136.8914997767225
327.6957624968953,73.2830468546187,50.64845896517084,-142.8841907692884,-177.5239160276401,127.78024630699194,35.8090588469794,-172.28028981540538,271.7586855669115
247.54227549107594,96.70543876994695,56.30158462128398,-99.52412369787598,-119.37972648766464,-10.386311350059788,7.600159671665225,48.72368972003988,239.6094983185085
166.62533027258772,115.46079366246235,28.255026377676867,58.65397220182272,96.07014730901274,-120.01098850974921,-61.56652451136081,-79.0034011541543,115.0579394571691
288.2399132953858,76.69615265922855,3.508662673433278,54.280740806691355,72.67741934925286,-34.977837602387375,-71.24149063756133,177.61085964934128,205.23902442399478
150.45724032292748,99.20292135546522,18.795643620245592,81.44233091462367,-109.09207585458827,-75.14522398283708,44.68693091746505,21.82619223612327,133.1598292775283
251.62575283081102,103.54104101436887,40.52358226584043,-22.519943820029894,151.01039106363288,122.37627391098778,37.04595524293475,-173.48443193513987,157.84039908957436
270.82357180872737,133.07357438174492,70.32907609893108,39.31152613774152,-23.44170440827576,-64.04183961578545,-159.9115386770135,-1.4136338329224438,200.49242293676434
52.724714571683556,50.49144960481923,47.36023099590963,126.59105746682947,-163.28734388005603,8.926254120030501,0.22920439436039233,5.857683872164673,52.29174022619582
321.13186258039434,73.13829957686708,49.19902103597161,-111.565522170585,138.42539545200287,94.67649695989265,172.542664368552,-115.35998172935953,236.7291902900871
139.38784343235668,41.9826968836035,19.259436281935518,-36.737796142701114,-91.51751646038755,179.60095755159233,1.024519976721176,3.725382277261096,138.92409878750874
177.0469423341754,144.3195291999663,18.372186899166483,172.88806509934108,-98.81155501808946,-28.192120277906792,76.13731866925202,-41.13327009657991,129.03364459740965
296.8336209365363,59.7587146594345,44.68512534143252,-81.11320823490126,17.73716457659896,17.868171849568885,11.01074846492029,164.4331995525861,242.869523681593
104.71661310974255,54.968821006080084,48.2112521860628,-121.9707925475889,-71.26154661029334,-127.83090353099765,-37.176495891641615,-14.519997103957152,95.48822993359737
264.59811124892434,123.12367068787002,73.75370566194317,-51.3042568566765,-80.55138922779184,1.143781283596672,-44.53108438377976,63.96539588586196,248.3776081638589
198.8904050578752,73.87421406879425,23.54583798678669,2.0641273863679865,174.35304424146196,-99.60386826170142,-84.98331037167188,39.2337185296219,169.89562480178037
160.60175962018943,58.61843568452411,39.038093190611775,78.23185873430553,-117.19362824619316,29.28647071801554,11.744465214504128,7.453783672884352,159.56639084433627
329.2791005622023,40.385144518319755,33.33608188544058,-31.102869494560913,102.21355287041983,-30.12714405655189,4.571002295270696,89.73042303019469,316.1647222484156
204.57807672382,102.58675329206586,74.98882572630276,93.19112649334308,-56.27976649889151,-48.83145431933543,-105.9236698278801,59.21990115061518,158.04786461545643
281.6081817785527,129.82126678911254,79.58585387313788,51.64640429529953,118.052692976366,130.2570357990275,160.1598354631399,-173.0254685992673,83.30265075943419
87.97579072785256,81.86218209541596,45.06049059762477,41.18517038315525,117.16877997562305,-17.805670015802576,9.88737733804171,25.157675963294388,81.56695989553616
207.0904923790844,58.35453272810113,13.176491239269145,121.20523883195997,-118.16886741536858,40.3739552554251,14.920527057642783,-73.21568732892946,190.1856803210528
184.8080988583737,162.9824617340443,60.26948911604364,153.50098829924067,36.52831266281261,96.01257147562296,94.35399253986289,83.00507382221089,96.22330107080192
251.1930240212993,88.16972561892696,4.301976765484437,-69.53981764577753,-24.605925083549046,19.547328700655292,-159.65615680714126,-48.404595605133174,173.43604254688577
181.54737377218362,49.469854531456654,44.20383518183839,-103.02546427479689,150.0102281107259,171.56879644440028,17.357626636424914,-87.76123370346954,155.38861342933075
115.50296336912129,49.55376839504679,23.97175170816553,-8.009188072936654,134.82201568074422,0.013037377550260132,29.21800989650385,19.21055710294688,108.80772099373678
88.11270302346551,11.035169737095226,4.431364937223812,123.39765993939437,43.73300071265183,22.664827363064934,0.6919869804891378,10.01679995674839,87.51345069079933
222.7922496726321,159.80321084178004,25.51756740661137,120.57998855506082,142.52526647131828,-5.999395242190788,144.14685553741333,58.55519864897762,102.45073254226298
264.1972209359843,98.7963236412728,71.54314155845941,-148.33305053122092,-9.3836829267382,-101.76055122299475,-142.1884288490894,-16.059338408241935,214.968713352293
117.46873025464156,5.635692599731082,5.02106223444823,32.231014033234615,-16.117074845583364,-71.36305253298141,-5.693778537657791,3.291770622919145,117.28182439974815
187.82152328153003,164.51467937521207,79.29600246210009,-30.561326399341887,53.584896237699894,84.05668711077722,118.72754023859737,69.86487771466015,74.00208082900068
161.08295064062477,134.30433048563953,29.30977239275923,-60.547454907226296,77.91594327212582,45.24580449373504,83.42776214570686,76.27869645928129,85.60436408739858
120.31922429999707,71.80417680115305,66.97681718893239,-162.5419503820921,-110.83887927028393,-178.4581881721434,-23.576080769270636,-52.745885314393774,102.05104719923557
267.4970952860226,108.83974651925207,40.3368241343093,-41.43151900762436,-178.84523135333376,62.60081558674937,48.11827378692803,-140.04870363888998,206.87230781814137
152.41018487560922,147.8302334697156,4.3432870198330065,10.971044372387695,142.17043765878745,26.096247283960842,95.23688355204234,-29.99707145418181,89.48207555515677
158.1330428463892,131.37090756051396,48.673339723514395,62.97375629180142,136.92775752461347,170.71949982071393,-5.730390813089571,-105.09119710070449,94.1952723290909
283.83746613773724,81.79929966789969,35.44415994866777,15.434743714313246,-87.37032439618903,-118.02316141090692,1.840906796864123,-4.895263967639391,280.64485562195404
130.43587430302068,85.4252526731253,13.618424047419495,-172.90118015586512,-161.2480410109116,154.75843582306766,-56.89736083313722,-8.26042500945099,110.27159485787067
167.7125033002842,17.850475785029047,5.83690729281086,-91.76389835938828,166.5697867820992,147.95490221920952,-11.166884422381496,-24.482455028594032,165.44228344209614
190.11291366666345,94.134133958487,32.379459893701366,-166.36819800847385,-74.57513786830488,-135.8375509396857,29.26088369877344,-10.254416109480196,181.69928051511798
123.73847104381191,98.94284705525183,8.18962640120982,-142.9447234337051,-7.015062665034515,-20.77834855585005,-61.778153097541484,-15.849566914055098,96.57584925711043
76.99788484766778,11.718129782206946,11.01078281058955,-95.07878849446533,108.08943969919233,149.5578061897974,6.9407389564653466,-7.379272791701679,76.29318703466932
274.72088045038487,88.17662886772668,32.475551799037575,45.69192565368803,-113.7095327903727,-141.23191597348992,-19.810949234748016,51.3032625346679,263.69325949188783
144.37137060030284,111.25572435813342,35.00895125240407,-74.42154237295996,-69.86052128499304,-85.93264763130095,-1.9392594822284104,-19.366081814038715,136.45214281343274
239.02850445850575,123.80919831128134,36.86090130334328,-107.47563759095608,-142.9419430629361,115.87336664353214,-104.83229046416659,-39.70652548810444,191.81171252930167
124.85868010577228,46.525347765331574,38.34437461742286,109.45216021829573,90.62147691847798,135.293987843056,46.756403110978766,-27.692801266778392,110.49920947874402
206.4815301508917,99.69091375133627,48.167026080135365,-110.15998398254027,54.28762614643747,30.62475219342745,55.25427691153588,138.4791633390504,122.82737727472659
224.9435911135131,151.9792359750469,12.389152914306871,-162.09404441241534,-61.96286851927783,133.14841729616728,-8.829693711908373,157.48560356167897,106.44469463905803
339.99094580634556,120.75033313088716,73.35652686894277,135.08705131631137,117.08305815572113,129.49562328559418,201.09676071440296,-212.33700929046267,107.60116917970173
259.567284802355,136.03960181843337,30.55003297350588,79.0862406265104,-115.99700127092113,83.3018082389791,-144.384169680626,-47.73766314424451,177.46791413071074
346.6077794633464,104.8739109307345,76.60739473553375,-43.78463467006641,-108.09954107242817,-139.57695727191415,-172.27601308367147,-107.37114572693116,275.1446745377212
192.21711579303496,122.2759265014332,62.79695306305422,39.042133125752834,-60.4435723772383,-18.591207361754858,-58.35047794996258,33.593045039746954,173.7153389914063
299.2702198637646,136.48917115692655,69.0131300602473,30.057678529047454,176.90329759882357,-93.09237613527864,-188.74021646119624,49.74833976324798,199.06855559219144
209.41629754007886,34.77612112489545,20.983292857505184,40.80932510701243,81.34616624357513,-59.239466658266025,-30.680183525265075,42.55547507673089,202.22752082425828
349.6840999945222,107.83963648067181,0.980544149202176,-73.9622326356027,-113.78359711115289,-78.56389518251285,257.6173874465532,116.02963751163219,169.93204647847483
165.94006699372824,68.1490564802554,34.03323798216378,49.75442588857054,-55.789924736658705,-37.41877987788432,-36.49313084420619,2.741694088041032,160.32495469283313
235.12152951727003,156.31301449846262,3.2025010239411156,-61.86833422747406,-148.86568935166156,48.30595754226611,-17.290600804746855,-179.1754224219995,77.2138977535893
113.4610847486629,73.25810715093172,69.1059960211004,-127.29966160096535,36.81894792520545,151.64298097861277,37.003057912206586,-20.48332810967695,103.05623486543472
287.1113549097308,81.4279585652022,35.02146936524077,87.3248622320345,-91.16778986020454,-122.10250956916103,1.3086459108945272,3.0641155237684687,283.9285790236131
285.4375661836133,138.2758852786301,28.62480259322851,59.70733428823388,118.59428165875339,-80.23308755709824,-204.3243114190119,68.19004860508706,133.55550355350468
308.4215287416438,33.22184285574015,27.17469803756081,29.674704571984115,-72.6759749218704,-155.0100486782284,-44.72236199680258,-44.51829815263946,301.73066251053274
280.50728557198033,141.82663161505084,57.87276025299677,-106.63885045917736,148.75778106309775,91.13688684751547,120.0777060071589,-180.17758718187847,123.79672471598168
328.8657272479899,129.02797431408226,52.62050588671763,154.19056791496453,34.42947048368638,-29.999012053482577,-184.04903879985963,183.29934479984323,154.02189705238203
276.96923225992947,144.50797683333963,29.0987183647533,-152.1842291086847,-128.8130353145902,144.0669222377447,-137.49321252479797,85.56743863679404,184.90988994946488
244.2782131013857,165.21984507263508,70.75985184836007,102.26192675065457,118.16100983315576,-66.34911389825048,-116.5255467192657,97.8604477981892,148.99667141082176
174.98274424939547,169.52905602212977,11.627016898171378,35.04093073611947,54.07641870541521,65.4441631090734,59.94323490908257,107.74383738620766,81.0483912540836
176.32455220064853,128.36223710312893,20.450219517527177,118.45377207060568,-101.11799732953158,70.8141704673879,-72.20096424952871,-59.965280423195516,127.67898504231009
146.50584947799507,82.95204452504217,62.673078866718065,100.47734594437209,-149.04037021141696,-111.32605711200091,-69.87388154985969,-29.433354643264877,121.08497772193967
267.05263983449214,160.67527102799713,36.442472495193215,-40.435974645038826,172.21328000009157,-13.063929760336128,154.91608691578136,96.96596416622091,134.30382278100043
171.438348731723,90.3947688095997,34.69879789499856,-62.74986849446963,67.62134157461931,-165.2991849569228,48.46584897233418,-80.46505460434025,133.9209781853673
182.36623018761355,77.77533536530441,54.545338051705514,-127.24596987828049,18.99037586608912,82.56616018277026,71.36629349368359,70.26849699071752,146.58066820077215
119.12486158754201,51.51673623077775,28.37244608450917,114.52065066920612,-83.64645537845313,98.89293348404176,-7.511917988260959,3.867346926159901,118.2750463862472
269.1687590631126,53.5798379793277,26.495952544496884,-11.323789388925585,-168.7401895410697,165.5792709639835,-61.05881048417953,-74.95396890909929,249.466999166937
176.34111764674128,67.72209374011722,11.820275605768593,-3.8052362669712148,102.75984804030143,-177.80749931695436,20.32909173964044,-96.57944072806669,140.4609167756784
339.4500432486095,136.22660297363905,74.59776410688599,114.26023346993489,154.02175850995806,36.3601983368441,229.40003090899037,-51.13475612895649,212.8516778489139
261.505442433118,91.21953548803712,28.584718630173988,-26.304530484118935,83.4022020484041,-146.93471421118934,6.897646558686968,-168.52622963341815,185.84153718172746
335.28922349405326,87.55309307575179,66.39893191879109,-124.00351202258356,-133.50088940313677,112.27539981146141,32.43986727964931,-112.83431096559306,312.09305332714234
341.8179396153762,142.69935261288552,65.49614621624116,-82.60573367325023,117.59354603650353,-53.265409184368494,-92.01949582264716,218.92038047344846,205.2297332950082
101.05163105179432,99.58670761356102,42.99189004554726,26.80638967409678,89.10211959502308,-117.16114191290234,-22.0009282553299,-26.439123185469718,91.29502122893989
165.24373691631084,125.16840344901934,74.532468951443,52.541125530078695,-110.90782493447617,-157.1279946136789,-55.98751618794398,-50.52965550221561,141.83124667313788
97.57299656466087,67.57447829250746,54.825219393539385,86.3796827454528,-160.1271960450944,111.51690445726368,19.304416810773187,-29.026670609609862,89.56894978985589
219.3478274192599,78.72316728544048,63.69190069182622,-145.21482325118075,47.725639122955386,-157.34519533060322,15.986024963697606,-76.0935775782711,202.572728274172
269.1942260016088,95.17687729253534,75.55846850581977,-133.8150872242404,-104.54527860236047,-17.65812640198657,-80.57456441412094,98.11005168617221,234.28364608329238
174.52924872961597,169.85886867019883,45.8476913073213,-179.8868089281287,-53.867845902618726,-48.183707591128844,-37.25191502405446,-29.281502382775123,151.11775303113185
327.45745935707254,161.32005706294137,70.70697888789053,-128.4556498250228,-31.642259334813563,88.51865842620836,-71.49545943890887,141.58331711007398,255.0628283885073
175.4373134141108,121.17250640650911,25.008885422739315,-63.5690671341091,129.75467376545419,-89.81674700796177,-108.25086985931293,11.934834583420624,115.68513888280665
111.3340357992246,105.58337459403829,77.14592695078903,-88.23567463107463,-118.36622079236673,2.4577078383179085,-13.75339704763079,32.06836160577182,104.15386199774106
319.95079841831205,109.80033309618237,9.017285306228803,-49.49320255065515,-119.34262105005442,-35.99100151761132,229.0749264920946,11.659099598536633,193.69671885723713
148.8709742769951,126.23907533969627,62.877345716050165,13.387375557732003,-11.48926267598645,-62.23958783238188,-73.9381481444758,21.80957408291406,117.09708451150114
199.17925050123532,166.95548668987584,8.812847684265863,-110.61255931533164,-127.59023084319509,25.26949393161772,80.82056117750791,-109.6863875270906,91.6308246633895
189.70255476268713,69.06061260242463,35.49356595861603,62.467866382218446,-78.58780866049314,149.48847937093691,10.053606414210517,11.638212187452552,187.5617797303491
336.5221529797259,53.34122218369307,24.507698974216467,111.80181964254457,-56.47045505635241,122.91546641179535,-12.066978879461644,70.42386970064183,327.4903574266816
307.6672519401558,86.06105367448326,41.505139932304004,90.77942407119855,-72.7650566484819,38.404265492870564,-37.96241103558306,-16.601865271009427,301.28246020900474
337.7695424935806,29.698966146512284,29.551217881583778,17.86646738622122,35.43573659968194,35.96091324382617,70.75835493229742,98.89177516315945,314.39070805408363
342.3421095227701,80.58246096077104,44.05131686555223,43.80062850550257,61.531689799426125,-16.274607365862064,-22.84886750751979,226.9844280771746,244.22769279744267
143.6892193251769,32.48635195867807,23.028912039262607,-116.60492546337883,58.351776572524265,136.441398528979,41.08973625637268,-9.647934974109381,136.80616749784576
258.60786263304846,72.74788841446647,24.220388659652183,-126.26228367315491,154.5974736039717,-49.015158830826095,-34.285512763086665,118.94321564365067,221.2838256939467
328.90769002109727,36.37800254983192,8.095955674141972,-91.0370561871528,58.416769379263094,-123.78051952622455,-45.4979927635581,-96.13053793034071,310.32389885316576
180.7531378457978,151.34570249960152,15.528135387902218,-173.2497887749395,0.44394822945945656,130.58165277465648,31.51069795470364,111.29008964966211,103.26393285121299
344.57195358926043,44.52448943576993,26.07928363324998,63.6259066161888,126.2486275013363,90.76977803841254,141.15353332187968,-70.633181798408,304.3895976959403
180.9186252896862,99.75376223314962,55.85938191913521,78.10509452201066,78.01668294380285,162.21181825767357,87.98609579658556,-77.57572999158432,122.87379051486775
213.28317251160567,82.1752386636511,45.49278542786578,40.936974021330904,-26.377272152311505,104.80792440943736,11.801968314879526,59.67483615633346,201.2612676167682
220.06232248544106,47.93183059092805,46.76905697726702,48.097362939069946,149.49405055586544,-31.060197480892125,-19.17640441857482,34.886414446886945,216.14376663133788
235.19837114708562,104.87732546941233,45.95741274170867,-155.77053455916126,143.02212031191652,147.74844233938524,17.807470903775503,-170.2247226844405,138.75640122039042
127.63709321870792,114.05715855582842,43.844768787410615,35.26218472311244,-25.50535564350151,75.25570688439743,-7.104623536689972,38.644708107682234,115.64596761001656
187.36961700241926,121.94085757106328,3.769993327645791,54.61391896311887,45.76535111236428,-98.3370655323963,-121.19548796390235,-56.29597099574114,101.73887733714776
270.27007914774947,147.84931136110657,35.23618761730135,-155.25421128777188,-20.55282072450131,-67.76227483994988,-102.3285788000907,-134.30519207249313,168.46888315945858
126.60819820037739,124.26094054536443,51.33165431293062,38.77038339064666,84.54587543457723,96.74281166456717,81.2409107885117,-0.8431207950255234,81.22765687744193
179.222060184289,54.90731341311855,4.718061631196893,-115.28218519383175,-28.535806380596465,-154.39336710278678,67.78439520397244,-40.51882436431448,157.92243233855973
177.94257186042367,116.67886798713128,9.057382640564127,76.10610509264609,-162.68092991399953,22.573099095661036,83.4172013227149,-78.6615985324017,113.52564850736279
305.0280433914979,141.84315880999608,31.315893086947224,-44.79852871529706,44.177045071577155,-98.08240722498428,-216.99243130410719,-87.570431627188,135.06081784744592
184.0417804429325,56.474218152932295,46.432546894433614,-114.2180346462807,138.01722555294816,-19.835705531940558,11.414908512342375,45.522557085639235,177.09422531550072
166.13563483254768,91.49448474165425,47.26189989100279,-106.94887809784791,148.27376976012707,107.80768167370296,58.974129986543765,-82.48464807929452,121.08433478777042
221.86940018175366,129.64336759690698,10.66089155448247,-174.45720421419486,10.21223533543993,-133.18328156944818,9.413686031204481,-160.23186247123218,114.03336423782997
181.69206644222928,123.43187799985759,16.794745047487574,141.079752663054,56.58111303270117,119.62205456789127,121.1505765827886,42.47992617276475,99.68931562223761
224.99170072080898,154.15901923782116,49.215163066414725,17.690607678808696,5.720544159960075,145.36465490806938,99.47961423465063,85.10147441720963,147.86730302185916
289.55006381261416,103.83707227350355,13.193232688689083,-46.78208620788228,132.3293488617515,-45.71468385201573,-11.427756147819071,209.28095274106644,174.96832631003755
208.0711850664564,105.05526551496905,13.864700791673288,-174.53156231447835,-154.85810670233883,-109.7002151256276,-40.926000564230904,117.06379252992483,149.18743321300985
262.89540103681884,158.29129650648252,61.546396761452186,-141.99643349491555,12.390822807064556,128.01796581490018,116.52222708889667,124.14109877477456,156.42478890195102
123.95604398273917,91.99117323277306,59.95821032980717,144.24541191440747,127.47194878759598,-160.6624685477187,-6.534156572136263,-67.16746847180791,96.30093024334617
93.35318742834093,76.01438202284403,65.89395918596514,93.0963229726534,13.071823892984895,-30.762711327485203,-15.06131879537435,42.604437079997204,77.60011137737892
165.57823398150813,154.30140135042552,72.30897567808175,41.791407098822056,98.01626515468496,18.17660871898275,80.01071403772096,76.91617119947627,92.25560328498835
163.0502688298775,141.31743814049534,78.64043992609507,-108.61271568001676,117.44842363180632,178.832402331948,24.150340340717648,-109.04640577572602,89.87636333634241
272.89584330359645,24.13382045843428,7.867141349791177,-156.83245858204575,-155.3183582166549,139.97393388347854,-39.4328732139896,-17.65472838415784,269.25488329700664
282.70634199687163,157.44996113215723,64.03598498547608,-63.88688810201096,146.2727485198048,-72.45953100920457,-163.21901381482274,100.96666287817264,158.7374931450577
287.1833023122909,153.1919045323646,22.040867156387947,142.4419504953274,-123.87553586856993,162.8268471956273,-103.83046900960382,159.3239141329425,158.49112708681133
331.0794631802624,129.83867133837245,49.01937253602617,-42.92892910993369,79.04699809051039,50.52262360481423,225.77437314257142,172.72351607933373,90.38684904018774
288.88361284242126,158.974962286226,63.02021750927682,-155.64976037889684,-114.06947549407911,163.43214561615028,-62.998434106336084,27.287552717614386,257.97318780079246
173.72029695046004,166.98547205767173,77.4920378701781,-42.318659538209424,93.48217343567856,91.03888931681911,127.26363462979523,-7.033197907700335,66.51520997745827
141.1147386803743,106.29698137169254,6.872712395996682,-2.4446401675943985,-93.71314769719626,-160.86197817549805,44.252406044582756,59.87927561529788,107.03210850189
300.3137798903229,155.42222505192305,6.401554042128765,155.45663343826217,-10.803624359921033,-31.214700376990454,-200.86078173469102,-134.2062830282541,78.3296844640977
198.11813700876436,115.77367311735425,28.672583400167646,88.65836423352224,108.47423743771037,135.30405363457717,95.4398449893894,-112.92568566904401,101.94423283810693
154.91446117820269,98.7809072930891,19.42407441962218,-166.4799035686772,74.81710950114156,17.63325861664487,41.706108356159795,91.42537746890125,103.51642760022509
348.7371990268143,67.73546803287358,57.9141823642467,177.96548410093152,-12.600062818735424,131.78113746618095,100.66418433209472,5.534473033557157,332.777190010024
323.4900632391015,130.49989789638846,19.485484464444546,113.27985578908026,112.23866816681668,-13.310412448008574,161.53150336910915,207.2126256834181,128.61843535152738
165.82752930875944,137.70933375113222,65.59919582230182,-138.89361453677276,97.89196893647036,45.16707195825257,106.72049820695673,48.26819494827017,85.08500487949445
284.67123148976134,158.0877853230382,41.5500893753102,-37.38717176821194,-30.98454905657383,37.887969894330574,-163.7492502875096,18.56352491513482,186.8212235722726
238.21214049107056,122.43697526790477,60.82202277490788,81.68425295550546,73.89523796653309,118.92486262088195,187.8104796126092,-19.732305775404704,100.915963437504
242.81730061560745,129.56811700287358,5.004142902183553,-153.11047678806534,64.44361014102711,77.9544698406994,144.51911181376755,127.04952794125727,97.58363115828186
205.55974965539696,143.58362281569765,41.890173563574756,-107.313401328683,-53.73577737241975,-32.38181521344809,-42.882408217531385,-49.74235923435643,175.41469747265742
294.8364155962978,152.33901872983597,55.674688192173505,-117.36447873494346,-48.16184947190734,-122.97106315879992,31.569385313029677,-113.22456783838847,243.69244804541657
223.5123449143198,83.49310450781091,54.937935964644105,105.05874355008635,61.53813897178143,-72.58536336055224,-89.2515338377952,61.208651189722794,189.7704070536628
246.51391746554017,120.30260900779747,26.629340049307267,-145.298344510784,134.6369721384766,4.540769299306304,167.6001093132013,49.433920705933666,142.26969258384597
171.87561289445372,64.08889264756337,37.868881055797225,-60.18304956656432,-82.53515418140634,24.26636687283833,-5.8747042140870365,12.61398894541107,170.62806129523443
338.57740239571274,155.2613008987775,36.98202882242257,-100.98956547788728,-143.9620456438042,102.7215185355898,-207.5158575022521,-79.4852172997669,199.23890785366257
162.2257042615588,157.66793395209456,79.58891229108872,-89.54512174567223,-164.396780265145,115.48057573481996,22.075608038085242,-80.9314498087235,126.3713495756697
243.04584860404086,109.95034660696552,46.5125581033853,-89.1175468692272,36.58981288999061,-168.95988775294921,107.13399877603452,-86.73015893934652,184.41733827474383
280.87070909057365,138.57845986596175,51.680937917667165,-60.43769340760071,117.45464944591538,77.59583896229356,218.0467055108904,-76.26944500111,86.15688686226885
238.02449716722174,41.43538483911893,10.263785833942231,-75.8101919198306,-137.0041410793547,-124.21116246603881,-17.392632897127246,55.23436549724377,229.83825224563728
247.19128892842122,88.14339797234888,13.249374443232051,-116.49518105241062,76.4987797307596,-78.83546129944976,-151.0965195760167,55.75327833295638,173.8725784419646
287.14031610729705,57.34879150887785,24.92465107151687,165.53297985727576,-2.700054475886624,-164.8689690844828,61.747127803828626,-68.8503146138409,269.66827256890133
301.9512125713232,44.41945029882708,20.84554531403807,-149.45256452404612,167.93144664781815,31.86495958486536,78.88224517843649,-36.35732311438241,288.11580145269846
155.87148884014158,150.37221831091725,41.41918296593306,99.77498978652346,-138.02254359533404,122.68011561855555,-42.959015673443496,-21.55023060116824,135.1742257529303
299.99656348908263,50.13823785822988,42.334097539028946,-170.1669178543494,-130.18655055830274,107.21682857758641,34.68158444006829,-60.034317749612974,291.49348315081676
278.63425827352154,154.24719704502644,37.18968990863128,44.470351573346875,-74.79536179247465,-131.8750115213759,119.69008493504786,-2.0896661209391096,215.9114215626315
225.96546281637228,86.65110679135942,76.89379127173461,-81.8753072994791,-84.9093611106763,34.051038949012714,3.8873854003096517,89.55169918138773,205.31465004818028
323.2807029876554,146.34419949382638,63.834729374309504,-74.55501435154785,-12.329502582573433,-176.63955364079104,158.59927899375606,-77.08040807931349,241.66513293868363
237.33995268292998,93.08235826659839,59.74860985090924,-119.05189847299773,114.98382256835828,114.21799894018,151.136123301569,-96.54322549233999,134.46403322821004
347.92449303116456,74.78091852787597,70.19623318023645,-90.79941080170997,-68.60387302295419,-90.23913749143941,-237.20620970509032,23.967774098084274,244.0902790727439
162.63355646873188,103.52664769643725,21.402615869322588,-38.242327895854274,56.01836967955752,120.96943328798164,101.52762094023024,29.12221731260179,107.40671237878682
156.9752089137138,123.5172357039273,55.41932002135036,113.80161655486174,-166.58104032250606,-84.89100123529126,-64.69735866725021,26.67370432360474,130.5273743206223
201.5552143530208,114.9810172458469,4.564713354556895,54.73745395375202,-55.06885465070749,-15.933336912182096,-18.138055932458755,-136.7072810785489,121.0357773731793
174.91753360671098,42.71565896096716,36.63688081329447,50.78317072147295,16.578808587156164,-152.89784413981658,-9.754313704748478,-27.308587606350404,172.24579669772118
93.2052106941517,89.4441382163871,53.44447885493991,-123.98559944967172,-0.8785233660385838,-68.25540274917527,-32.7800792451926,18.758204424412934,82.34043130874319
289.35776989642346,83.09327709577425,55.55064110028407,-76.86821469816722,43.510934730389636,107.71789689042485,182.75386890834088,58.58386851204986,205.60908704802793
204.7605987076465,37.357655826708395,30.844490291499913,178.3472621560201,168.8370718956889,-100.43201018009944,-53.25865347685196,-25.34667804985939,195.52794363034522
138.59290399139334,98.24322054527735,60.45572075394019,59.72929221689757,0.31274262963683075,14.123000756043824,-12.32079588325085,77.29486309069375,106.37345523766443
267.14905267978924,101.12753644362107,66.19141297884067,-48.1710718934549,-164.6193972310455,-43.91456135891439,-65.99613958944008,89.47186988285472,237.44005838825683
146.1665347938506,121.42809799075631,76.00275705633078,67.6176585754413,166.81656589866765,146.86028875593254,19.81989229174876,-91.83655323297823,96.35844988342765
242.02750432918072,92.50716558080892,45.75686702465109,113.73518239172982,130.04544312664353,114.78379857927884,115.37468486887758,-131.8532273297481,149.45781661633896
